family,seed_text,cue_text,branch,promotion_enabled,seed_present,cue_present,dataset_id,dataset_sha256,run_id,tick_count,source_tick_done,baseline_conforms,memory_path_mode,observe_time_like,observe_internal_time_like,observe_wildcard,observe_shadow_candidate,observe_shadow_eligible,observe_shadow_time_like_nonzero,observe_shadow_wildcard,observe_shadow_time_bonus,observe_shadow_promoted,observe_selected_promoted,shadow_candidate_count,shadow_eligible_count,shadow_promoted_count,selected_promoted_count,shadow_time_like_score_mean,shadow_time_bonus_mean,whitebox_memory_item_count,whitebox_older_runtime_memory_visible_count,whitebox_selected_match_mode,whitebox_selected_match_structure_id,whitebox_selected_match_display,whitebox_shadow_candidate_kind,whitebox_shadow_memory_id,whitebox_shadow_promoted_structure_id,whitebox_shadow_wildcard_applied,whitebox_shadow_match_mode
F01,ABX,A,off_matched,0,1,1,paper_e08_e08_final_v1_F01_off_matched,daf31fec09495b691935eb0081e77472826624653acdb9a85d67f9d3c1529b07,paper_e08_e08_final_v1_F01_off_matched,5,5,1,runtime_em_only,1,1,0,0,0,0,0,0,0,0,0,0,0,0,0.0,0.0,3,2,anchor_atomic_fallback,st_000057,{A},,,,0,
F01,ABX,A,on_matched,1,1,1,paper_e08_e08_final_v1_F01_on_matched,acbb0b41c67d6f0c0800c5cd6204acd38f93fa109da176e3196ae7e562f6cbc3,paper_e08_e08_final_v1_F01_on_matched,5,5,1,runtime_em_only,1,1,1,1,1,1,1,0,1,1,1,1,1,1,1.0,1.0,4,2,promoted_shadow_raw_residual,st_000030,{(A + stimulus_intensity:1.0) + (B + stimulus_intensity:1.0) + (X + stimulus_intensity:1.0) + punish_signal:1.987071 + cfs_pressure:0.188838 + cfs_pressure_verified:0.151287 + cfs_pressure_unverified:0.037551 + 时间感受:0.5},raw_residual_memory,em_000006,st_000030,1,shadow_raw_residual_memory
F01,ABX,A,on_no_cue,1,1,0,paper_e08_e08_final_v1_F01_on_no_cue,42723b7c6c86fa370e2e77d8c68bca9d63fb7ae476fabdbbd6c8fc3940ee38e9,paper_e08_e08_final_v1_F01_on_no_cue,5,5,1,runtime_em_only,0,0,0,0,0,0,0,0,0,0,0,0,0,0,0.0,0.0,1,1,,,,,,,0,
F01,ABX,A,on_no_seed,1,0,1,paper_e08_e08_final_v1_F01_on_no_seed,5517fb48554f4398c72fe5ac7955b52d346dd99cc5a270a415576638c84f99a7,paper_e08_e08_final_v1_F01_on_no_seed,5,5,1,runtime_em_only,0,0,0,0,0,0,0,0,0,0,0,0,0,0,0.0,0.0,1,1,,,,,,,0,
F02,CDQ,C,off_matched,0,1,1,paper_e08_e08_final_v1_F02_off_matched,cf1baf4696f8ae3bb3941d94b604223a99fd537268b874f268bfc440f8929a37,paper_e08_e08_final_v1_F02_off_matched,5,5,1,runtime_em_only,1,1,0,0,0,0,0,0,0,0,0,0,0,0,0.0,0.0,3,2,anchor_atomic_fallback,st_000143,{C},,,,0,
F02,CDQ,C,on_matched,1,1,1,paper_e08_e08_final_v1_F02_on_matched,4bd43123da08bb4a8bcb3f063aafaec8a810d0c5693ac42220c04a3540c0ca9b,paper_e08_e08_final_v1_F02_on_matched,5,5,1,runtime_em_only,1,1,1,1,1,1,1,0,1,1,1,1,1,1,1.0,1.0,4,2,promoted_shadow_raw_residual,st_000116,{(C + stimulus_intensity:1.0) + (D + stimulus_intensity:1.0) + (Q + stimulus_intensity:1.0) + punish_signal:1.987071 + cfs_pressure:0.188838 + cfs_pressure_verified:0.151287 + cfs_pressure_unverified:0.037551 + 时间感受:0.5},raw_residual_memory,em_000028,st_000116,1,shadow_raw_residual_memory
F02,CDQ,C,on_no_cue,1,1,0,paper_e08_e08_final_v1_F02_on_no_cue,8d42de78d709e71445920ba11595e8a8204197ecdaab12ceae7fdb1b8c26d36e,paper_e08_e08_final_v1_F02_on_no_cue,5,5,1,runtime_em_only,0,0,0,0,0,0,0,0,0,0,0,0,0,0,0.0,0.0,1,1,,,,,,,0,
F02,CDQ,C,on_no_seed,1,0,1,paper_e08_e08_final_v1_F02_on_no_seed,f59f479dc050df4799800242a293a589156394b0b261c98d49f53710564594f6,paper_e08_e08_final_v1_F02_on_no_seed,5,5,1,runtime_em_only,0,0,0,0,0,0,0,0,0,0,0,0,0,0,0.0,0.0,1,1,,,,,,,0,
F03,KLM,K,off_matched,0,1,1,paper_e08_e08_final_v1_F03_off_matched,afec2102f803ad07d0ad5442c8620f80f72373b2d110aad36d694e86b875465d,paper_e08_e08_final_v1_F03_off_matched,5,5,1,runtime_em_only,1,1,0,0,0,0,0,0,0,0,0,0,0,0,0.0,0.0,3,2,anchor_atomic_fallback,st_000229,{K},,,,0,
F03,KLM,K,on_matched,1,1,1,paper_e08_e08_final_v1_F03_on_matched,c30cd1fcc7c7bc7a3e70b99e3bd26c663c149f5654ea49e42a2c69e5f0a40685,paper_e08_e08_final_v1_F03_on_matched,5,5,1,runtime_em_only,1,1,1,1,1,1,1,0,1,1,1,1,1,1,1.0,1.0,4,2,promoted_shadow_raw_residual,st_000202,{(K + stimulus_intensity:1.0) + (L + stimulus_intensity:1.0) + (M + stimulus_intensity:1.0) + punish_signal:1.987071 + cfs_pressure:0.188838 + cfs_pressure_verified:0.151287 + cfs_pressure_unverified:0.037551 + 时间感受:0.5},raw_residual_memory,em_000050,st_000202,1,shadow_raw_residual_memory
F03,KLM,K,on_no_cue,1,1,0,paper_e08_e08_final_v1_F03_on_no_cue,bc39aeccded51ba069c27f343cf8102f09e58948fca1d8d361b3911a5d4aee80,paper_e08_e08_final_v1_F03_on_no_cue,5,5,1,runtime_em_only,0,0,0,0,0,0,0,0,0,0,0,0,0,0,0.0,0.0,1,1,,,,,,,0,
F03,KLM,K,on_no_seed,1,0,1,paper_e08_e08_final_v1_F03_on_no_seed,2d114b466163542bf07299e04b2addc9fcaddf3da4b6c196f1b220a523ca60f3,paper_e08_e08_final_v1_F03_on_no_seed,5,5,1,runtime_em_only,0,0,0,0,0,0,0,0,0,0,0,0,0,0,0.0,0.0,1,1,,,,,,,0,
F04,PQT,P,off_matched,0,1,1,paper_e08_e08_final_v1_F04_off_matched,a0184345916cc6f74016b8a2df4626460e8125aa02f3c8bc0735494145505851,paper_e08_e08_final_v1_F04_off_matched,5,5,1,runtime_em_only,1,1,0,0,0,0,0,0,0,0,0,0,0,0,0.0,0.0,3,2,anchor_atomic_fallback,st_000315,{P},,,,0,
F04,PQT,P,on_matched,1,1,1,paper_e08_e08_final_v1_F04_on_matched,a573886c7f5abb29fff132ec763222316e9457c5350612ed169d1dbbafdd9f6a,paper_e08_e08_final_v1_F04_on_matched,5,5,1,runtime_em_only,1,1,1,1,1,1,1,0,1,1,1,1,1,1,1.0,1.0,4,2,promoted_shadow_raw_residual,st_000288,{(P + stimulus_intensity:1.0) + (Q + stimulus_intensity:1.0) + (T + stimulus_intensity:1.0) + punish_signal:1.987071 + cfs_pressure:0.188838 + cfs_pressure_verified:0.151287 + cfs_pressure_unverified:0.037551 + 时间感受:0.5},raw_residual_memory,em_000072,st_000288,1,shadow_raw_residual_memory
F04,PQT,P,on_no_cue,1,1,0,paper_e08_e08_final_v1_F04_on_no_cue,abf26aeb9ce0f094736bbf2702ffcaa1690d9f8025a8bbcbcdaf9212901511bf,paper_e08_e08_final_v1_F04_on_no_cue,5,5,1,runtime_em_only,0,0,0,0,0,0,0,0,0,0,0,0,0,0,0.0,0.0,1,1,,,,,,,0,
F04,PQT,P,on_no_seed,1,0,1,paper_e08_e08_final_v1_F04_on_no_seed,58aaadfa2a2f999950c10621302bfd509a0f526e1baf4a865f47252930ba93d8,paper_e08_e08_final_v1_F04_on_no_seed,5,5,1,runtime_em_only,0,0,0,0,0,0,0,0,0,0,0,0,0,0,0.0,0.0,1,1,,,,,,,0,
F05,RSU,R,off_matched,0,1,1,paper_e08_e08_final_v1_F05_off_matched,833615c3a1ece07d5a115a2af42893bc51ae51b06c5a270d817ae2301ee1dbe6,paper_e08_e08_final_v1_F05_off_matched,5,5,1,runtime_em_only,1,1,0,0,0,0,0,0,0,0,0,0,0,0,0.0,0.0,3,2,anchor_atomic_fallback,st_000401,{R},,,,0,
F05,RSU,R,on_matched,1,1,1,paper_e08_e08_final_v1_F05_on_matched,0ac2c0bfcfb318157f089cc512057010c7947979d13c6c3bde8f74c4ea49f557,paper_e08_e08_final_v1_F05_on_matched,5,5,1,runtime_em_only,1,1,1,1,1,1,1,0,1,1,1,1,1,1,1.0,1.0,4,2,promoted_shadow_raw_residual,st_000374,{(R + stimulus_intensity:1.0) + (S + stimulus_intensity:1.0) + (U + stimulus_intensity:1.0) + punish_signal:1.987071 + cfs_pressure:0.188838 + cfs_pressure_verified:0.151287 + cfs_pressure_unverified:0.037551 + 时间感受:0.5},raw_residual_memory,em_000094,st_000374,1,shadow_raw_residual_memory
F05,RSU,R,on_no_cue,1,1,0,paper_e08_e08_final_v1_F05_on_no_cue,f29d5952596c105a4fe07435d391c5b3b8e1b05ddd18e65f99b2b713262a11e7,paper_e08_e08_final_v1_F05_on_no_cue,5,5,1,runtime_em_only,0,0,0,0,0,0,0,0,0,0,0,0,0,0,0.0,0.0,1,1,,,,,,,0,
F05,RSU,R,on_no_seed,1,0,1,paper_e08_e08_final_v1_F05_on_no_seed,888dbd84dab1fc7b2273c800232d762f1f1cb1b02cb8e85851cc43de5337d1b8,paper_e08_e08_final_v1_F05_on_no_seed,5,5,1,runtime_em_only,0,0,0,0,0,0,0,0,0,0,0,0,0,0,0.0,0.0,1,1,,,,,,,0,
F06,VWX,V,off_matched,0,1,1,paper_e08_e08_final_v1_F06_off_matched,559c6438127690f8ca4a02cef30f2b608344bc0dd2b6e48339de7d69591a8086,paper_e08_e08_final_v1_F06_off_matched,5,5,1,runtime_em_only,1,1,0,0,0,0,0,0,0,0,0,0,0,0,0.0,0.0,3,2,anchor_atomic_fallback,st_000487,{V},,,,0,
F06,VWX,V,on_matched,1,1,1,paper_e08_e08_final_v1_F06_on_matched,9c2f65a94973b5cfa0bb90e91a6094a3a613051942578fa85c1d0143cfb1f40d,paper_e08_e08_final_v1_F06_on_matched,5,5,1,runtime_em_only,1,1,1,1,1,1,1,0,1,1,1,1,1,1,1.0,1.0,4,2,promoted_shadow_raw_residual,st_000460,{(V + stimulus_intensity:1.0) + (W + stimulus_intensity:1.0) + (X + stimulus_intensity:1.0) + punish_signal:1.987071 + cfs_pressure:0.188838 + cfs_pressure_verified:0.151287 + cfs_pressure_unverified:0.037551 + 时间感受:0.5},raw_residual_memory,em_000116,st_000460,1,shadow_raw_residual_memory
F06,VWX,V,on_no_cue,1,1,0,paper_e08_e08_final_v1_F06_on_no_cue,67ec9661dfb9d414b4bfb4e0aaabdba3a6b800f17600b8e4d52bd2e3c6a0a513,paper_e08_e08_final_v1_F06_on_no_cue,5,5,1,runtime_em_only,0,0,0,0,0,0,0,0,0,0,0,0,0,0,0.0,0.0,1,1,,,,,,,0,
F06,VWX,V,on_no_seed,1,0,1,paper_e08_e08_final_v1_F06_on_no_seed,21c15c2ea308c4182bcf45b2d9b1a2f0531788427c91526cf3fcc898fb1e8d8a,paper_e08_e08_final_v1_F06_on_no_seed,5,5,1,runtime_em_only,0,0,0,0,0,0,0,0,0,0,0,0,0,0,0.0,0.0,1,1,,,,,,,0,
F07,YZA,Y,off_matched,0,1,1,paper_e08_e08_final_v1_F07_off_matched,0da8c670cf4a2d8ac3e2efbe1d9dfa304c5e92ab2b3af7f828d81263ac61e9bf,paper_e08_e08_final_v1_F07_off_matched,5,5,1,runtime_em_only,1,1,0,0,0,0,0,0,0,0,0,0,0,0,0.0,0.0,3,2,anchor_atomic_fallback,st_000573,{Y},,,,0,
F07,YZA,Y,on_matched,1,1,1,paper_e08_e08_final_v1_F07_on_matched,15522d285fc6526198ab9ae6915420e9f64a9758fa9c1bb550a70b60f6694ba8,paper_e08_e08_final_v1_F07_on_matched,5,5,1,runtime_em_only,1,1,1,1,1,1,1,0,1,1,1,1,1,1,1.0,1.0,4,2,promoted_shadow_raw_residual,st_000546,{(Y + stimulus_intensity:1.0) + (Z + stimulus_intensity:1.0) + (A + stimulus_intensity:1.0) + punish_signal:1.987071 + cfs_pressure:0.188838 + cfs_pressure_verified:0.151287 + cfs_pressure_unverified:0.037551 + 时间感受:0.5},raw_residual_memory,em_000138,st_000546,1,shadow_raw_residual_memory
F07,YZA,Y,on_no_cue,1,1,0,paper_e08_e08_final_v1_F07_on_no_cue,1fc70b736aa3f7ea78ad153288cd23af65f32599db02fcbb6e3b6c4395df0344,paper_e08_e08_final_v1_F07_on_no_cue,5,5,1,runtime_em_only,0,0,0,0,0,0,0,0,0,0,0,0,0,0,0.0,0.0,1,1,,,,,,,0,
F07,YZA,Y,on_no_seed,1,0,1,paper_e08_e08_final_v1_F07_on_no_seed,6b8374e08192ed3652f55ea4f143281275cc4ffc099cdb2658cab26fb7649efb,paper_e08_e08_final_v1_F07_on_no_seed,5,5,1,runtime_em_only,0,0,0,0,0,0,0,0,0,0,0,0,0,0,0.0,0.0,1,1,,,,,,,0,
F08,MNO,M,off_matched,0,1,1,paper_e08_e08_final_v1_F08_off_matched,4066d4c9da73955674e4e7ee7e5cc719615c1303ee14143c9369dc411cc2dba6,paper_e08_e08_final_v1_F08_off_matched,5,5,1,runtime_em_only,1,1,0,0,0,0,0,0,0,0,0,0,0,0,0.0,0.0,3,2,anchor_atomic_fallback,st_000659,{M},,,,0,
F08,MNO,M,on_matched,1,1,1,paper_e08_e08_final_v1_F08_on_matched,d90c7304de0700e327ca5db5e98eee86e5067e609a7ee395cd0a53c844695182,paper_e08_e08_final_v1_F08_on_matched,5,5,1,runtime_em_only,1,1,1,1,1,1,1,0,1,1,1,1,1,1,1.0,1.0,4,2,promoted_shadow_raw_residual,st_000632,{(M + stimulus_intensity:1.0) + (N + stimulus_intensity:1.0) + (O + stimulus_intensity:1.0) + punish_signal:1.987071 + cfs_pressure:0.188838 + cfs_pressure_verified:0.151287 + cfs_pressure_unverified:0.037551 + 时间感受:0.5},raw_residual_memory,em_000160,st_000632,1,shadow_raw_residual_memory
F08,MNO,M,on_no_cue,1,1,0,paper_e08_e08_final_v1_F08_on_no_cue,c19c2c9bc8abfb2637b25ee81bc9c44bb33d36f704626f4661a329827fcc5bea,paper_e08_e08_final_v1_F08_on_no_cue,5,5,1,runtime_em_only,0,0,0,0,0,0,0,0,0,0,0,0,0,0,0.0,0.0,1,1,,,,,,,0,
F08,MNO,M,on_no_seed,1,0,1,paper_e08_e08_final_v1_F08_on_no_seed,74683fa5d4071c1c5b8016d903f5f4ee504ce7bec2b4c3e98b10e3a9cedb6369,paper_e08_e08_final_v1_F08_on_no_seed,5,5,1,runtime_em_only,0,0,0,0,0,0,0,0,0,0,0,0,0,0,0.0,0.0,1,1,,,,,,,0,
F09,TUV,T,off_matched,0,1,1,paper_e08_e08_final_v1_F09_off_matched,6b1852848fa071ae351f0d2a1d9192c741e8cc136c9f9fbbe12fdca63286c5f1,paper_e08_e08_final_v1_F09_off_matched,5,5,1,runtime_em_only,1,1,0,0,0,0,0,0,0,0,0,0,0,0,0.0,0.0,3,2,anchor_atomic_fallback,st_000745,{T},,,,0,
F09,TUV,T,on_matched,1,1,1,paper_e08_e08_final_v1_F09_on_matched,2ce917e0ffb749d718e7080b8a99e8d01d890098852aba45ce588c1a845b03b6,paper_e08_e08_final_v1_F09_on_matched,5,5,1,runtime_em_only,1,1,1,1,1,1,1,0,1,1,1,1,1,1,1.0,1.0,4,2,promoted_shadow_raw_residual,st_000718,{(T + stimulus_intensity:1.0) + (U + stimulus_intensity:1.0) + (V + stimulus_intensity:1.0) + punish_signal:1.987071 + cfs_pressure:0.188838 + cfs_pressure_verified:0.151287 + cfs_pressure_unverified:0.037551 + 时间感受:0.5},raw_residual_memory,em_000182,st_000718,1,shadow_raw_residual_memory
F09,TUV,T,on_no_cue,1,1,0,paper_e08_e08_final_v1_F09_on_no_cue,fbb30bd9ddd6fb3aff5ff83dff5d2523a46d497efbb9e7efb12aa1323c2bdf71,paper_e08_e08_final_v1_F09_on_no_cue,5,5,1,runtime_em_only,0,0,0,0,0,0,0,0,0,0,0,0,0,0,0.0,0.0,1,1,,,,,,,0,
F09,TUV,T,on_no_seed,1,0,1,paper_e08_e08_final_v1_F09_on_no_seed,d0f91c42579cb2c9334e54ee0b47322805afa9432f774e166de88750805faa2b,paper_e08_e08_final_v1_F09_on_no_seed,5,5,1,runtime_em_only,0,0,0,0,0,0,0,0,0,0,0,0,0,0,0.0,0.0,1,1,,,,,,,0,
F10,EFG,E,off_matched,0,1,1,paper_e08_e08_final_v1_F10_off_matched,c31dfeeb5d991bfce53ba3765dc9bd70007eb2657e0c29003673d3670a3c4331,paper_e08_e08_final_v1_F10_off_matched,5,5,1,runtime_em_only,1,1,0,0,0,0,0,0,0,0,0,0,0,0,0.0,0.0,3,2,anchor_atomic_fallback,st_000831,{E},,,,0,
F10,EFG,E,on_matched,1,1,1,paper_e08_e08_final_v1_F10_on_matched,4b322797b4bc7ac5e191bf70cdfdd1282b25c82543d4671bd64fd347f77ea4e2,paper_e08_e08_final_v1_F10_on_matched,5,5,1,runtime_em_only,1,1,1,1,1,1,1,0,1,1,1,1,1,1,1.0,1.0,4,2,promoted_shadow_raw_residual,st_000804,{(E + stimulus_intensity:1.0) + (F + stimulus_intensity:1.0) + (G + stimulus_intensity:1.0) + punish_signal:1.987071 + cfs_pressure:0.188838 + cfs_pressure_verified:0.151287 + cfs_pressure_unverified:0.037551 + 时间感受:0.5},raw_residual_memory,em_000204,st_000804,1,shadow_raw_residual_memory
F10,EFG,E,on_no_cue,1,1,0,paper_e08_e08_final_v1_F10_on_no_cue,e9f045168d7170a4b33708a18d62b836dd0a3f8bb0eab9ca6714b44b081e5e69,paper_e08_e08_final_v1_F10_on_no_cue,5,5,1,runtime_em_only,0,0,0,0,0,0,0,0,0,0,0,0,0,0,0.0,0.0,1,1,,,,,,,0,
F10,EFG,E,on_no_seed,1,0,1,paper_e08_e08_final_v1_F10_on_no_seed,c0ac1a15559edbd97e05b39c22568b4843ab30dc4b53697556e9951c05d9cdd5,paper_e08_e08_final_v1_F10_on_no_seed,5,5,1,runtime_em_only,0,0,0,0,0,0,0,0,0,0,0,0,0,0,0.0,0.0,1,1,,,,,,,0,
F11,HIJ,H,off_matched,0,1,1,paper_e08_e08_final_v1_F11_off_matched,253fc9d3fe30f7d4c5376c0bed41a30befdaf2423c84c7a659fe96dfe2cca4d5,paper_e08_e08_final_v1_F11_off_matched,5,5,1,runtime_em_only,1,1,0,0,0,0,0,0,0,0,0,0,0,0,0.0,0.0,3,2,anchor_atomic_fallback,st_000917,{H},,,,0,
F11,HIJ,H,on_matched,1,1,1,paper_e08_e08_final_v1_F11_on_matched,8b4e893b5393e5bac3deb4ebeb10b80ba250f2271a0318db15f4a70c037dbe64,paper_e08_e08_final_v1_F11_on_matched,5,5,1,runtime_em_only,1,1,1,1,1,1,1,0,1,1,1,1,1,1,1.0,1.0,4,2,promoted_shadow_raw_residual,st_000890,{(H + stimulus_intensity:1.0) + (I + stimulus_intensity:1.0) + (J + stimulus_intensity:1.0) + punish_signal:1.987071 + cfs_pressure:0.188838 + cfs_pressure_verified:0.151287 + cfs_pressure_unverified:0.037551 + 时间感受:0.5},raw_residual_memory,em_000226,st_000890,1,shadow_raw_residual_memory
F11,HIJ,H,on_no_cue,1,1,0,paper_e08_e08_final_v1_F11_on_no_cue,69aa26e7e290af22d7495e311d094750d29549bef27f6e8db9cd7af3292d8c14,paper_e08_e08_final_v1_F11_on_no_cue,5,5,1,runtime_em_only,0,0,0,0,0,0,0,0,0,0,0,0,0,0,0.0,0.0,1,1,,,,,,,0,
F11,HIJ,H,on_no_seed,1,0,1,paper_e08_e08_final_v1_F11_on_no_seed,d35eff66a3690e1b56b20669161bccce280b0de3abdb3cb18b47bd719b587f7a,paper_e08_e08_final_v1_F11_on_no_seed,5,5,1,runtime_em_only,0,0,0,0,0,0,0,0,0,0,0,0,0,0,0.0,0.0,1,1,,,,,,,0,
F12,BCD,B,off_matched,0,1,1,paper_e08_e08_final_v1_F12_off_matched,41a6a96b68e8582669474bc92b8ae1a324733557fb350505865bfcb4383fa6ec,paper_e08_e08_final_v1_F12_off_matched,5,5,1,runtime_em_only,1,1,0,0,0,0,0,0,0,0,0,0,0,0,0.0,0.0,3,2,anchor_atomic_fallback,st_001003,{B},,,,0,
F12,BCD,B,on_matched,1,1,1,paper_e08_e08_final_v1_F12_on_matched,a77de84fe46397aa31ea0a38486645cfe74a1ec70f63b37ba3148bf05bbfd074,paper_e08_e08_final_v1_F12_on_matched,5,5,1,runtime_em_only,1,1,1,1,1,1,1,0,1,1,1,1,1,1,1.0,1.0,4,2,promoted_shadow_raw_residual,st_000976,{(B + stimulus_intensity:1.0) + (C + stimulus_intensity:1.0) + (D + stimulus_intensity:1.0) + punish_signal:1.987071 + cfs_pressure:0.188838 + cfs_pressure_verified:0.151287 + cfs_pressure_unverified:0.037551 + 时间感受:0.5},raw_residual_memory,em_000248,st_000976,1,shadow_raw_residual_memory
F12,BCD,B,on_no_cue,1,1,0,paper_e08_e08_final_v1_F12_on_no_cue,afe9549dceaebf44c0c755cbfcb89ada2f7fb682935ab27f5f52971ff99b55f5,paper_e08_e08_final_v1_F12_on_no_cue,5,5,1,runtime_em_only,0,0,0,0,0,0,0,0,0,0,0,0,0,0,0.0,0.0,1,1,,,,,,,0,
F12,BCD,B,on_no_seed,1,0,1,paper_e08_e08_final_v1_F12_on_no_seed,53b372d7852145c9eb15b4438dc7029ac4d8109a114641b88c2f0459e6f5363b,paper_e08_e08_final_v1_F12_on_no_seed,5,5,1,runtime_em_only,0,0,0,0,0,0,0,0,0,0,0,0,0,0,0.0,0.0,1,1,,,,,,,0,
