case_id,branch,replicate,run_id,tick_index,phase,synthetic_tick,input_is_empty,source_dataset_tick_index,input_text_preview,action_attempted_weather_stub,action_executed_weather_stub,action_executed_weather_stub_source_visible,action_scheduled_weather_stub,action_scheduled_weather_stub_source_visible,action_drive_weather_stub_max,action_drive_margin_weather_stub_max,action_node_weather_stub_count,action_active_weather_stub_count,action_ready_weather_stub_count,runtime_signal_node_count,runtime_signal_node_active_count,runtime_action_node_count,runtime_action_node_active_count,runtime_action_node_executed_count,runtime_action_target_ref_count,runtime_action_target_item_count,runtime_action_node_weather_stub_count,runtime_action_node_weather_stub_active_count,runtime_action_node_weather_stub_executed_count
F01,executed_history,1,paper_e05_F01_executed_history_r1_e05_final_v1,0,train,0,0,0,不是上海，是北京。我明天要去北京医院复查，北京天气提示，请帮我查一下。,1,0,0,0,0,0.11223506,-0.48776494,1,1,0,2,1,3,3,3,2,2,1,1,1
F01,executed_history,1,paper_e05_F01_executed_history_r1_e05_final_v1,1,buffer,0,0,1,我再确认一下复查的时间。,0,1,1,1,1,0.0,-0.6,1,0,0,2,1,4,1,4,3,3,1,0,1
F01,executed_history,1,paper_e05_F01_executed_history_r1_e05_final_v1,2,probe,0,0,2,北京天气提示,0,0,0,0,0,0.32536101,-0.27463899,1,1,0,2,1,5,2,5,4,4,1,1,1
F01,weak_only_control,1,paper_e05_F01_weak_only_control_r1_e05_final_v1,0,train,0,0,0,北京天气提示,0,0,0,0,0,0.22205505,-0.37794495,1,1,0,2,1,3,3,2,2,2,1,1,0
F01,weak_only_control,1,paper_e05_F01_weak_only_control_r1_e05_final_v1,1,buffer,0,0,1,我再确认一下复查的时间。,0,0,0,0,0,0.0,-0.6,1,0,0,2,1,4,2,3,3,3,1,0,0
F01,weak_only_control,1,paper_e05_F01_weak_only_control_r1_e05_final_v1,2,probe,0,0,2,北京天气提示,0,0,0,0,0,0.13487735,-0.46512265,1,1,0,2,1,5,2,4,4,4,1,1,0
F02,executed_history,1,paper_e05_F02_executed_history_r1_e05_final_v1,0,train,0,0,0,更正一下，不是广州，是杭州。我周末要去杭州外出拍照，杭州天气提示，请帮我查一下。,1,0,0,0,0,0.11454628,-0.48545372,1,1,0,2,1,3,3,3,2,2,1,1,1
F02,executed_history,1,paper_e05_F02_executed_history_r1_e05_final_v1,1,buffer,0,0,1,我再整理一下拍摄清单。,0,1,1,1,1,0.0,-0.6,1,0,0,2,1,4,1,4,3,3,1,0,1
F02,executed_history,1,paper_e05_F02_executed_history_r1_e05_final_v1,2,probe,0,0,2,杭州天气提示,0,0,0,0,0,0.32620838,-0.27379162,1,1,0,2,1,5,2,5,4,4,1,1,1
F02,weak_only_control,1,paper_e05_F02_weak_only_control_r1_e05_final_v1,0,train,0,0,0,杭州天气提示,0,0,0,0,0,0.22205505,-0.37794495,1,1,0,2,1,3,3,2,2,2,1,1,0
F02,weak_only_control,1,paper_e05_F02_weak_only_control_r1_e05_final_v1,1,buffer,0,0,1,我再整理一下拍摄清单。,0,0,0,0,0,0.0,-0.6,1,0,0,2,1,4,2,3,3,3,1,0,0
F02,weak_only_control,1,paper_e05_F02_weak_only_control_r1_e05_final_v1,2,probe,0,0,2,杭州天气提示,0,0,0,0,0,0.13307924,-0.46692076,1,1,0,2,1,5,2,4,4,4,1,1,0
F03,executed_history,1,paper_e05_F03_executed_history_r1_e05_final_v1,0,train,0,0,0,刚刚说错了，不是成都，是武汉。我明天要去武汉学校办手续，武汉天气提示，请帮我查一下。,1,0,0,0,0,0.11545808,-0.48454192,1,1,0,2,1,3,3,3,2,2,1,1,1
F03,executed_history,1,paper_e05_F03_executed_history_r1_e05_final_v1,1,buffer,0,0,1,我再确认一下办理流程。,0,1,1,1,1,0.0,-0.6,1,0,0,2,1,4,1,4,3,3,1,0,1
F03,executed_history,1,paper_e05_F03_executed_history_r1_e05_final_v1,2,probe,0,0,2,武汉天气提示,0,0,0,0,0,0.32654004,-0.27345996,1,1,0,2,1,5,2,5,4,4,1,1,1
F03,weak_only_control,1,paper_e05_F03_weak_only_control_r1_e05_final_v1,0,train,0,0,0,武汉天气提示,0,0,0,0,0,0.22205505,-0.37794495,1,1,0,2,1,3,3,2,2,2,1,1,0
F03,weak_only_control,1,paper_e05_F03_weak_only_control_r1_e05_final_v1,1,buffer,0,0,1,我再确认一下办理流程。,0,0,0,0,0,0.0,-0.6,1,0,0,2,1,4,2,3,3,3,1,0,0
F03,weak_only_control,1,paper_e05_F03_weak_only_control_r1_e05_final_v1,2,probe,0,0,2,武汉天气提示,0,0,0,0,0,0.13307924,-0.46692076,1,1,0,2,1,5,2,4,4,4,1,1,0
F04,executed_history,1,paper_e05_F04_executed_history_r1_e05_final_v1,0,train,0,0,0,更正一下，是去南京参加答辩。南京天气提示，请帮我查一下。,1,0,0,0,0,0.10773481,-0.49226519,1,1,0,2,1,3,3,3,2,2,1,1,1
F04,executed_history,1,paper_e05_F04_executed_history_r1_e05_final_v1,1,buffer,0,0,1,我再确认一下出发时间。,0,1,1,1,1,0.0,-0.6,1,0,0,2,1,4,1,4,3,3,1,0,1
F04,executed_history,1,paper_e05_F04_executed_history_r1_e05_final_v1,2,probe,0,0,2,南京天气提示,0,0,0,0,0,0.32369107,-0.27630893,1,1,0,2,1,5,2,5,4,4,1,1,1
F04,weak_only_control,1,paper_e05_F04_weak_only_control_r1_e05_final_v1,0,train,0,0,0,南京天气提示,0,0,0,0,0,0.22205505,-0.37794495,1,1,0,2,1,3,3,2,2,2,1,1,0
F04,weak_only_control,1,paper_e05_F04_weak_only_control_r1_e05_final_v1,1,buffer,0,0,1,我再确认一下出发时间。,0,0,0,0,0,0.0,-0.6,1,0,0,2,1,4,2,3,3,3,1,0,0
F04,weak_only_control,1,paper_e05_F04_weak_only_control_r1_e05_final_v1,2,probe,0,0,2,南京天气提示,0,0,0,0,0,0.13307924,-0.46692076,1,1,0,2,1,5,2,4,4,4,1,1,0
F05,executed_history,1,paper_e05_F05_executed_history_r1_e05_final_v1,0,train,0,0,0,修正一下，是去长沙见客户。长沙天气提示，请帮我查一下。,1,0,0,0,0,0.10685914,-0.49314086,1,1,0,2,1,3,3,3,2,2,1,1,1
F05,executed_history,1,paper_e05_F05_executed_history_r1_e05_final_v1,1,buffer,0,0,1,我再看一下会面的安排。,0,1,1,1,1,0.0,-0.6,1,0,0,2,1,4,1,4,3,3,1,0,1
F05,executed_history,1,paper_e05_F05_executed_history_r1_e05_final_v1,2,probe,0,0,2,长沙天气提示,0,0,0,0,0,0.32336385,-0.27663615,1,1,0,2,1,5,2,5,4,4,1,1,1
F05,weak_only_control,1,paper_e05_F05_weak_only_control_r1_e05_final_v1,0,train,0,0,0,长沙天气提示,0,0,0,0,0,0.22205505,-0.37794495,1,1,0,2,1,3,3,2,2,2,1,1,0
F05,weak_only_control,1,paper_e05_F05_weak_only_control_r1_e05_final_v1,1,buffer,0,0,1,我再看一下会面的安排。,0,0,0,0,0,0.0,-0.6,1,0,0,2,1,4,2,3,3,3,1,0,0
F05,weak_only_control,1,paper_e05_F05_weak_only_control_r1_e05_final_v1,2,probe,0,0,2,长沙天气提示,0,0,0,0,0,0.13307924,-0.46692076,1,1,0,2,1,5,2,4,4,4,1,1,0
F06,executed_history,1,paper_e05_F06_executed_history_r1_e05_final_v1,0,train,0,0,0,不是青岛，是天津。我明天要去天津图书馆自习，天津天气提示，请帮我查一下。,1,0,0,0,0,0.11281179,-0.48718821,1,1,0,2,1,3,3,3,2,2,1,1,1
F06,executed_history,1,paper_e05_F06_executed_history_r1_e05_final_v1,1,buffer,0,0,1,我再确认一下明天的安排。,0,1,1,1,1,0.0,-0.6,1,0,0,2,1,4,1,4,3,3,1,0,1
F06,executed_history,1,paper_e05_F06_executed_history_r1_e05_final_v1,2,probe,0,0,2,天津天气提示,0,0,0,0,0,0.32557323,-0.27442677,1,1,0,2,1,5,2,5,4,4,1,1,1
F06,weak_only_control,1,paper_e05_F06_weak_only_control_r1_e05_final_v1,0,train,0,0,0,天津天气提示,0,0,0,0,0,0.16397025,-0.43602975,1,1,0,2,1,3,3,2,2,2,1,1,0
F06,weak_only_control,1,paper_e05_F06_weak_only_control_r1_e05_final_v1,1,buffer,0,0,1,我再确认一下明天的安排。,0,0,0,0,0,0.0,-0.6,1,0,0,2,1,4,1,3,3,3,1,0,0
F06,weak_only_control,1,paper_e05_F06_weak_only_control_r1_e05_final_v1,2,probe,0,0,2,天津天气提示,0,0,0,0,0,0.18778703,-0.41221297,1,1,0,2,1,5,3,4,4,4,1,1,0
F07,executed_history,1,paper_e05_F07_executed_history_r1_e05_final_v1,0,train,0,0,0,更正一下，不是福州，是郑州。我下周要去郑州参加培训，郑州天气提示，请帮我查一下。,1,0,0,0,0,0.11454628,-0.48545372,1,1,0,2,1,3,3,3,2,2,1,1,1
F07,executed_history,1,paper_e05_F07_executed_history_r1_e05_final_v1,1,buffer,0,0,1,我再确认一下出发时间。,0,1,1,1,1,0.0,-0.6,1,0,0,2,1,4,1,4,3,3,1,0,1
F07,executed_history,1,paper_e05_F07_executed_history_r1_e05_final_v1,2,probe,0,0,2,郑州天气提示,0,0,0,0,0,0.32620838,-0.27379162,1,1,0,2,1,5,2,5,4,4,1,1,1
F07,weak_only_control,1,paper_e05_F07_weak_only_control_r1_e05_final_v1,0,train,0,0,0,郑州天气提示,0,0,0,0,0,0.22205505,-0.37794495,1,1,0,2,1,3,3,2,2,2,1,1,0
F07,weak_only_control,1,paper_e05_F07_weak_only_control_r1_e05_final_v1,1,buffer,0,0,1,我再确认一下出发时间。,0,0,0,0,0,0.0,-0.6,1,0,0,2,1,4,2,3,3,3,1,0,0
F07,weak_only_control,1,paper_e05_F07_weak_only_control_r1_e05_final_v1,2,probe,0,0,2,郑州天气提示,0,0,0,0,0,0.13307924,-0.46692076,1,1,0,2,1,5,2,4,4,4,1,1,0
F08,executed_history,1,paper_e05_F08_executed_history_r1_e05_final_v1,0,train,0,0,0,修正一下，不是厦门，是济南。我后天要去济南转机出差，济南天气提示，请帮我查一下。,1,0,0,0,0,0.11454628,-0.48545372,1,1,0,2,1,3,3,3,2,2,1,1,1
F08,executed_history,1,paper_e05_F08_executed_history_r1_e05_final_v1,1,buffer,0,0,1,我再整理一下出差清单。,0,1,1,1,1,0.0,-0.6,1,0,0,2,1,4,1,4,3,3,1,0,1
F08,executed_history,1,paper_e05_F08_executed_history_r1_e05_final_v1,2,probe,0,0,2,济南天气提示,0,0,0,0,0,0.32620838,-0.27379162,1,1,0,2,1,5,2,5,4,4,1,1,1
F08,weak_only_control,1,paper_e05_F08_weak_only_control_r1_e05_final_v1,0,train,0,0,0,济南天气提示,0,0,0,0,0,0.22205505,-0.37794495,1,1,0,2,1,3,3,2,2,2,1,1,0
F08,weak_only_control,1,paper_e05_F08_weak_only_control_r1_e05_final_v1,1,buffer,0,0,1,我再整理一下出差清单。,0,0,0,0,0,0.0,-0.6,1,0,0,2,1,4,2,3,3,3,1,0,0
F08,weak_only_control,1,paper_e05_F08_weak_only_control_r1_e05_final_v1,2,probe,0,0,2,济南天气提示,0,0,0,0,0,0.13307924,-0.46692076,1,1,0,2,1,5,2,4,4,4,1,1,0
F09,executed_history,1,paper_e05_F09_executed_history_r1_e05_final_v1,0,train,0,0,0,刚刚说错了，不是昆明，是合肥。我周末要去合肥参加展会，合肥天气提示，请帮我查一下。,1,0,0,0,0,0.11501266,-0.48498734,1,1,0,2,1,3,3,3,2,2,1,1,1
F09,executed_history,1,paper_e05_F09_executed_history_r1_e05_final_v1,1,buffer,0,0,1,我再确认一下进场安排。,0,1,1,1,1,0.0,-0.6,1,0,0,2,1,4,1,4,3,3,1,0,1
F09,executed_history,1,paper_e05_F09_executed_history_r1_e05_final_v1,2,probe,0,0,2,合肥天气提示,0,0,0,0,0,0.3263782,-0.2736218,1,1,0,2,1,5,2,5,4,4,1,1,1
F09,weak_only_control,1,paper_e05_F09_weak_only_control_r1_e05_final_v1,0,train,0,0,0,合肥天气提示,0,0,0,0,0,0.22205505,-0.37794495,1,1,0,2,1,3,3,2,2,2,1,1,0
F09,weak_only_control,1,paper_e05_F09_weak_only_control_r1_e05_final_v1,1,buffer,0,0,1,我再确认一下进场安排。,0,0,0,0,0,0.0,-0.6,1,0,0,2,1,4,2,3,3,3,1,0,0
F09,weak_only_control,1,paper_e05_F09_weak_only_control_r1_e05_final_v1,2,probe,0,0,2,合肥天气提示,0,0,0,0,0,0.13307924,-0.46692076,1,1,0,2,1,5,2,4,4,4,1,1,0
F10,executed_history,1,paper_e05_F10_executed_history_r1_e05_final_v1,0,train,0,0,0,更正一下，地点不是宁波，是南昌。南昌天气提示，请帮我查一下。,1,0,0,0,0,0.10883431,-0.49116569,1,1,0,2,1,3,3,3,2,2,1,1,1
F10,executed_history,1,paper_e05_F10_executed_history_r1_e05_final_v1,1,buffer,0,0,1,我再确认一下入场时间。,0,1,1,1,1,0.0,-0.6,1,0,0,2,1,4,1,4,3,3,1,0,1
F10,executed_history,1,paper_e05_F10_executed_history_r1_e05_final_v1,2,probe,0,0,2,南昌天气提示,0,0,0,0,0,0.35585515,-0.24414485,1,1,0,2,1,5,2,5,4,4,1,1,1
F10,weak_only_control,1,paper_e05_F10_weak_only_control_r1_e05_final_v1,0,train,0,0,0,南昌天气提示,0,0,0,0,0,0.22205505,-0.37794495,1,1,0,2,1,3,3,2,2,2,1,1,0
F10,weak_only_control,1,paper_e05_F10_weak_only_control_r1_e05_final_v1,1,buffer,0,0,1,我再确认一下入场时间。,0,0,0,0,0,0.0,-0.6,1,0,0,2,1,4,2,3,3,3,1,0,0
F10,weak_only_control,1,paper_e05_F10_weak_only_control_r1_e05_final_v1,2,probe,0,0,2,南昌天气提示,0,0,0,0,0,0.13307924,-0.46692076,1,1,0,2,1,5,2,4,4,4,1,1,0
F11,executed_history,1,paper_e05_F11_executed_history_r1_e05_final_v1,0,train,0,0,0,不是太原，是海口。我明天要去海口实验室开会，海口天气提示，请帮我查一下。,1,0,0,0,0,0.11281179,-0.48718821,1,1,0,2,1,3,3,3,2,2,1,1,1
F11,executed_history,1,paper_e05_F11_executed_history_r1_e05_final_v1,1,buffer,0,0,1,我再确认一下会场安排。,0,1,1,1,1,0.0,-0.6,1,0,0,2,1,4,1,4,3,3,1,0,1
F11,executed_history,1,paper_e05_F11_executed_history_r1_e05_final_v1,2,probe,0,0,2,海口天气提示,0,0,0,0,0,0.32557323,-0.27442677,1,1,0,2,1,5,2,5,4,4,1,1,1
F11,weak_only_control,1,paper_e05_F11_weak_only_control_r1_e05_final_v1,0,train,0,0,0,海口天气提示,0,0,0,0,0,0.22205505,-0.37794495,1,1,0,2,1,3,3,2,2,2,1,1,0
F11,weak_only_control,1,paper_e05_F11_weak_only_control_r1_e05_final_v1,1,buffer,0,0,1,我再确认一下会场安排。,0,0,0,0,0,0.0,-0.6,1,0,0,2,1,4,2,3,3,3,1,0,0
F11,weak_only_control,1,paper_e05_F11_weak_only_control_r1_e05_final_v1,2,probe,0,0,2,海口天气提示,0,0,0,0,0,0.13307924,-0.46692076,1,1,0,2,1,5,2,4,4,4,1,1,0
F12,executed_history,1,paper_e05_F12_executed_history_r1_e05_final_v1,0,train,0,0,0,更正一下，这次不是兰州，是大连。大连天气提示，请帮我查一下。,1,0,0,0,0,0.10883431,-0.49116569,1,1,0,2,1,3,3,3,2,2,1,1,1
F12,executed_history,1,paper_e05_F12_executed_history_r1_e05_final_v1,1,buffer,0,0,1,我再确认一下行程安排。,0,1,1,1,1,0.0,-0.6,1,0,0,2,1,4,1,4,3,3,1,0,1
F12,executed_history,1,paper_e05_F12_executed_history_r1_e05_final_v1,2,probe,0,0,2,大连天气提示,0,0,0,0,0,0.35585515,-0.24414485,1,1,0,2,1,5,2,5,4,4,1,1,1
F12,weak_only_control,1,paper_e05_F12_weak_only_control_r1_e05_final_v1,0,train,0,0,0,大连天气提示,0,0,0,0,0,0.22205505,-0.37794495,1,1,0,2,1,3,3,2,2,2,1,1,0
F12,weak_only_control,1,paper_e05_F12_weak_only_control_r1_e05_final_v1,1,buffer,0,0,1,我再确认一下行程安排。,0,0,0,0,0,0.0,-0.6,1,0,0,2,1,4,2,3,3,3,1,0,0
F12,weak_only_control,1,paper_e05_F12_weak_only_control_r1_e05_final_v1,2,probe,0,0,2,大连天气提示,0,0,0,0,0,0.13307924,-0.46692076,1,1,0,2,1,5,2,4,4,4,1,1,0
