family,branch,branch_label,source_er,source_ev,enable_er_induction,root_b_weight,root_c_weight,root_memory_weight,b_d_weight,b_memory_weight,c_f_weight,c_memory_weight,energy_graph_v2_enabled,config_max_rounds,round_count,depth_max,frontier_generated_count,frontier_pruned_count,terminal_memory_count,root_reinduction_count,layer_count,layer_histogram_json,frontier_out_count_max,frontier_in_count_max,frontier_budget_ev_total,root_induction_budget_ev_total,round_delta_ev_total,round_delta_ev_last,total_delta_ev,total_ev_consumed,propagated_budget_total_ev,structure_target_count,memory_target_count,depth2_structure_target_count,layer1_memory_target_count,deeper_memory_target_count,has_AB_structure,has_AC_structure,has_ABD_structure_depth2,has_ACF_structure_depth2,has_root_terminal_memory,has_b_terminal_memory,has_c_terminal_memory,target_ids_json
F01,deep_multilayer,多轮扩散,0.3,1.0,1,0.52,0.28,0.2,0.64,0.36,0.58,0.42,1,4,4,2,14,1,11,3,2,"{""1"": 23, ""2"": 18}",4,4,2.398176,0.9131304,3.3113064,0.3267864,3.3113064,1.0,2.398176,6,4,2,2,2,1,1,1,1,1,1,1,"[{""projection_kind"": ""structure"", ""memory_id"": """", ""target_structure_id"": ""st_000002"", ""depth_min"": 1, ""depth_max"": 1, ""delta_ev"": 0.52}, {""projection_kind"": ""structure"", ""memory_id"": """", ""target_structure_id"": ""st_000003"", ""depth_min"": 1, ""depth_max"": 1, ""delta_ev"": 0.28}, {""projection_kind"": ""memory"", ""memory_id"": ""em_000001"", ""target_structure_id"": ""st_000004"", ""depth_min"": 1, ""depth_max"": 1, ""delta_ev"": 0.2}, {""projection_kind"": ""structure"", ""memory_id"": """", ""target_structure_id"": ""st_000002"", ""depth_min"": 1, ""depth_max"": 1, ""delta_ev"": 0.47482781}, {""projection_kind"": ""structure"", ""memory_id"": """", ""target_structure_id"": ""st_000003"", ""depth_min"": 1, ""depth_max"": 1, ""delta_ev"": 0.25567651}, {""projection_kind"": ""memory"", ""memory_id"": ""em_000001"", ""target_structure_id"": ""st_000004"", ""depth_min"": 1, ""depth_max"": 1, ""delta_ev"": 0.18262608}, {""projection_kind"": ""structure"", ""memory_id"": """", ""target_structure_id"": ""st_000005"", ""depth_min"": 2, ""depth_max"": 2, ""delta_ev"": 0.58164122}, {""projection_kind"": ""memory"", ""memory_id"": ""em_000002"", ""target_structure_id"": ""st_000006"", ""depth_min"": 2, ""depth_max"": 2, ""delta_ev"": 0.32717318}, {""projection_kind"": ""structure"", ""memory_id"": """", ""target_structure_id"": ""st_000007"", ""depth_min"": 2, ""depth_max"": 2, ""delta_ev"": 0.28382973}, {""projection_kind"": ""memory"", ""memory_id"": ""em_000003"", ""target_structure_id"": ""st_000008"", ""depth_min"": 2, ""depth_max"": 2, ""delta_ev"": 0.20553187}]"
F01,single_round_cap,单轮截断,0.3,1.0,1,0.52,0.28,0.2,0.64,0.36,0.58,0.42,1,1,1,1,2,0,2,0,1,"{""1"": 8}",2,1,1.0,0.3,1.3,1.3,1.3,1.0,1.0,4,2,0,2,0,1,1,0,0,1,0,0,"[{""projection_kind"": ""structure"", ""memory_id"": """", ""target_structure_id"": ""st_000010"", ""depth_min"": 1, ""depth_max"": 1, ""delta_ev"": 0.52}, {""projection_kind"": ""structure"", ""memory_id"": """", ""target_structure_id"": ""st_000011"", ""depth_min"": 1, ""depth_max"": 1, ""delta_ev"": 0.28}, {""projection_kind"": ""memory"", ""memory_id"": ""em_000004"", ""target_structure_id"": ""st_000012"", ""depth_min"": 1, ""depth_max"": 1, ""delta_ev"": 0.2}, {""projection_kind"": ""structure"", ""memory_id"": """", ""target_structure_id"": ""st_000010"", ""depth_min"": 1, ""depth_max"": 1, ""delta_ev"": 0.156}, {""projection_kind"": ""structure"", ""memory_id"": """", ""target_structure_id"": ""st_000011"", ""depth_min"": 1, ""depth_max"": 1, ""delta_ev"": 0.084}, {""projection_kind"": ""memory"", ""memory_id"": ""em_000004"", ""target_structure_id"": ""st_000012"", ""depth_min"": 1, ""depth_max"": 1, ""delta_ev"": 0.06}]"
F01,high_frontier_threshold,前沿阈值剪枝,0.3,1.0,1,0.52,0.28,0.2,0.64,0.36,0.58,0.42,1,4,4,1,8,6,5,3,1,"{""1"": 23}",2,2,1.0,0.9131304,1.9131304,0.1654104,1.9131304,1.0,1.0,4,2,0,2,0,1,1,0,0,1,0,0,"[{""projection_kind"": ""structure"", ""memory_id"": """", ""target_structure_id"": ""st_000018"", ""depth_min"": 1, ""depth_max"": 1, ""delta_ev"": 0.52}, {""projection_kind"": ""structure"", ""memory_id"": """", ""target_structure_id"": ""st_000019"", ""depth_min"": 1, ""depth_max"": 1, ""delta_ev"": 0.28}, {""projection_kind"": ""memory"", ""memory_id"": ""em_000007"", ""target_structure_id"": ""st_000020"", ""depth_min"": 1, ""depth_max"": 1, ""delta_ev"": 0.2}, {""projection_kind"": ""structure"", ""memory_id"": """", ""target_structure_id"": ""st_000018"", ""depth_min"": 1, ""depth_max"": 1, ""delta_ev"": 0.47482781}, {""projection_kind"": ""structure"", ""memory_id"": """", ""target_structure_id"": ""st_000019"", ""depth_min"": 1, ""depth_max"": 1, ""delta_ev"": 0.25567651}, {""projection_kind"": ""memory"", ""memory_id"": ""em_000007"", ""target_structure_id"": ""st_000020"", ""depth_min"": 1, ""depth_max"": 1, ""delta_ev"": 0.18262608}]"
F01,high_budget_threshold,预算阈值剪枝,0.0,1.0,0,0.52,0.28,0.2,0.64,0.36,0.58,0.42,1,4,2,1,2,2,1,0,1,"{""1"": 5}",2,2,1.0,0.0,1.0,0.0,1.0,1.0,1.0,2,1,0,1,0,1,1,0,0,1,0,0,"[{""projection_kind"": ""structure"", ""memory_id"": """", ""target_structure_id"": ""st_000026"", ""depth_min"": 1, ""depth_max"": 1, ""delta_ev"": 0.52}, {""projection_kind"": ""structure"", ""memory_id"": """", ""target_structure_id"": ""st_000027"", ""depth_min"": 1, ""depth_max"": 1, ""delta_ev"": 0.28}, {""projection_kind"": ""memory"", ""memory_id"": ""em_000010"", ""target_structure_id"": ""st_000028"", ""depth_min"": 1, ""depth_max"": 1, ""delta_ev"": 0.2}]"
F01,width_cap_one,宽度上限,0.3,1.0,1,0.52,0.28,0.2,0.64,0.36,0.58,0.42,1,4,4,2,4,6,7,3,2,"{""1"": 18, ""2"": 5}",1,1,1.7808944,0.9131304,2.6940248,0.2703048,2.6940248,1.0,1.7808944,5,3,1,2,1,1,1,1,0,1,1,0,"[{""projection_kind"": ""structure"", ""memory_id"": """", ""target_structure_id"": ""st_000034"", ""depth_min"": 1, ""depth_max"": 1, ""delta_ev"": 0.52}, {""projection_kind"": ""structure"", ""memory_id"": """", ""target_structure_id"": ""st_000035"", ""depth_min"": 1, ""depth_max"": 1, ""delta_ev"": 0.28}, {""projection_kind"": ""memory"", ""memory_id"": ""em_000013"", ""target_structure_id"": ""st_000036"", ""depth_min"": 1, ""depth_max"": 1, ""delta_ev"": 0.2}, {""projection_kind"": ""structure"", ""memory_id"": """", ""target_structure_id"": ""st_000034"", ""depth_min"": 1, ""depth_max"": 1, ""delta_ev"": 0.47482781}, {""projection_kind"": ""structure"", ""memory_id"": """", ""target_structure_id"": ""st_000035"", ""depth_min"": 1, ""depth_max"": 1, ""delta_ev"": 0.25567651}, {""projection_kind"": ""memory"", ""memory_id"": ""em_000013"", ""target_structure_id"": ""st_000036"", ""depth_min"": 1, ""depth_max"": 1, ""delta_ev"": 0.18262608}, {""projection_kind"": ""structure"", ""memory_id"": """", ""target_structure_id"": ""st_000037"", ""depth_min"": 2, ""depth_max"": 2, ""delta_ev"": 0.49977242}, {""projection_kind"": ""memory"", ""memory_id"": ""em_000014"", ""target_structure_id"": ""st_000038"", ""depth_min"": 2, ""depth_max"": 2, ""delta_ev"": 0.28112198}]"
F01,no_er_reinduction,关闭根源ER重诱发,0.0,1.0,0,0.52,0.28,0.2,0.64,0.36,0.58,0.42,1,4,3,2,4,0,3,0,2,"{""1"": 5, ""2"": 6}",2,2,1.8,0.0,1.8,0.0,1.8,1.0,1.8,4,3,2,1,2,1,1,1,1,1,1,1,"[{""projection_kind"": ""structure"", ""memory_id"": """", ""target_structure_id"": ""st_000042"", ""depth_min"": 1, ""depth_max"": 1, ""delta_ev"": 0.52}, {""projection_kind"": ""structure"", ""memory_id"": """", ""target_structure_id"": ""st_000043"", ""depth_min"": 1, ""depth_max"": 1, ""delta_ev"": 0.28}, {""projection_kind"": ""memory"", ""memory_id"": ""em_000016"", ""target_structure_id"": ""st_000044"", ""depth_min"": 1, ""depth_max"": 1, ""delta_ev"": 0.2}, {""projection_kind"": ""structure"", ""memory_id"": """", ""target_structure_id"": ""st_000045"", ""depth_min"": 2, ""depth_max"": 2, ""delta_ev"": 0.3328}, {""projection_kind"": ""memory"", ""memory_id"": ""em_000017"", ""target_structure_id"": ""st_000046"", ""depth_min"": 2, ""depth_max"": 2, ""delta_ev"": 0.1872}, {""projection_kind"": ""structure"", ""memory_id"": """", ""target_structure_id"": ""st_000047"", ""depth_min"": 2, ""depth_max"": 2, ""delta_ev"": 0.1624}, {""projection_kind"": ""memory"", ""memory_id"": ""em_000018"", ""target_structure_id"": ""st_000048"", ""depth_min"": 2, ""depth_max"": 2, ""delta_ev"": 0.1176}]"
F02,deep_multilayer,多轮扩散,0.31,1.0,1,0.51,0.29,0.2,0.63,0.37,0.59,0.41,1,4,4,2,14,1,11,3,2,"{""1"": 23, ""2"": 18}",4,4,2.4181152,0.94356808,3.36168328,0.33767928,3.36168328,1.0,2.4181152,6,4,2,2,2,1,1,1,1,1,1,1,"[{""projection_kind"": ""structure"", ""memory_id"": """", ""target_structure_id"": ""st_000050"", ""depth_min"": 1, ""depth_max"": 1, ""delta_ev"": 0.51}, {""projection_kind"": ""structure"", ""memory_id"": """", ""target_structure_id"": ""st_000051"", ""depth_min"": 1, ""depth_max"": 1, ""delta_ev"": 0.29}, {""projection_kind"": ""memory"", ""memory_id"": ""em_000019"", ""target_structure_id"": ""st_000052"", ""depth_min"": 1, ""depth_max"": 1, ""delta_ev"": 0.2}, {""projection_kind"": ""structure"", ""memory_id"": """", ""target_structure_id"": ""st_000050"", ""depth_min"": 1, ""depth_max"": 1, ""delta_ev"": 0.48121972}, {""projection_kind"": ""structure"", ""memory_id"": """", ""target_structure_id"": ""st_000051"", ""depth_min"": 1, ""depth_max"": 1, ""delta_ev"": 0.27363474}, {""projection_kind"": ""memory"", ""memory_id"": ""em_000019"", ""target_structure_id"": ""st_000052"", ""depth_min"": 1, ""depth_max"": 1, ""delta_ev"": 0.18871362}, {""projection_kind"": ""structure"", ""memory_id"": """", ""target_structure_id"": ""st_000053"", ""depth_min"": 2, ""depth_max"": 2, ""delta_ev"": 0.56955052}, {""projection_kind"": ""memory"", ""memory_id"": ""em_000020"", ""target_structure_id"": ""st_000054"", ""depth_min"": 2, ""depth_max"": 2, ""delta_ev"": 0.33449792}, {""projection_kind"": ""structure"", ""memory_id"": """", ""target_structure_id"": ""st_000055"", ""depth_min"": 2, ""depth_max"": 2, ""delta_ev"": 0.30329939}, {""projection_kind"": ""memory"", ""memory_id"": ""em_000021"", ""target_structure_id"": ""st_000056"", ""depth_min"": 2, ""depth_max"": 2, ""delta_ev"": 0.21076737}]"
F02,single_round_cap,单轮截断,0.31,1.0,1,0.51,0.29,0.2,0.63,0.37,0.59,0.41,1,1,1,1,2,0,2,0,1,"{""1"": 8}",2,1,1.0,0.31,1.31,1.31,1.31,1.0,1.0,4,2,0,2,0,1,1,0,0,1,0,0,"[{""projection_kind"": ""structure"", ""memory_id"": """", ""target_structure_id"": ""st_000058"", ""depth_min"": 1, ""depth_max"": 1, ""delta_ev"": 0.51}, {""projection_kind"": ""structure"", ""memory_id"": """", ""target_structure_id"": ""st_000059"", ""depth_min"": 1, ""depth_max"": 1, ""delta_ev"": 0.29}, {""projection_kind"": ""memory"", ""memory_id"": ""em_000022"", ""target_structure_id"": ""st_000060"", ""depth_min"": 1, ""depth_max"": 1, ""delta_ev"": 0.2}, {""projection_kind"": ""structure"", ""memory_id"": """", ""target_structure_id"": ""st_000058"", ""depth_min"": 1, ""depth_max"": 1, ""delta_ev"": 0.1581}, {""projection_kind"": ""structure"", ""memory_id"": """", ""target_structure_id"": ""st_000059"", ""depth_min"": 1, ""depth_max"": 1, ""delta_ev"": 0.0899}, {""projection_kind"": ""memory"", ""memory_id"": ""em_000022"", ""target_structure_id"": ""st_000060"", ""depth_min"": 1, ""depth_max"": 1, ""delta_ev"": 0.062}]"
F02,high_frontier_threshold,前沿阈值剪枝,0.31,1.0,1,0.51,0.29,0.2,0.63,0.37,0.59,0.41,1,4,4,1,8,6,5,3,1,"{""1"": 23}",2,2,1.0,0.94356808,1.94356808,0.17092408,1.94356808,1.0,1.0,4,2,0,2,0,1,1,0,0,1,0,0,"[{""projection_kind"": ""structure"", ""memory_id"": """", ""target_structure_id"": ""st_000066"", ""depth_min"": 1, ""depth_max"": 1, ""delta_ev"": 0.51}, {""projection_kind"": ""structure"", ""memory_id"": """", ""target_structure_id"": ""st_000067"", ""depth_min"": 1, ""depth_max"": 1, ""delta_ev"": 0.29}, {""projection_kind"": ""memory"", ""memory_id"": ""em_000025"", ""target_structure_id"": ""st_000068"", ""depth_min"": 1, ""depth_max"": 1, ""delta_ev"": 0.2}, {""projection_kind"": ""structure"", ""memory_id"": """", ""target_structure_id"": ""st_000066"", ""depth_min"": 1, ""depth_max"": 1, ""delta_ev"": 0.48121972}, {""projection_kind"": ""structure"", ""memory_id"": """", ""target_structure_id"": ""st_000067"", ""depth_min"": 1, ""depth_max"": 1, ""delta_ev"": 0.27363474}, {""projection_kind"": ""memory"", ""memory_id"": ""em_000025"", ""target_structure_id"": ""st_000068"", ""depth_min"": 1, ""depth_max"": 1, ""delta_ev"": 0.18871362}]"
F02,high_budget_threshold,预算阈值剪枝,0.0,1.0,0,0.51,0.29,0.2,0.63,0.37,0.59,0.41,1,4,2,1,2,2,1,0,1,"{""1"": 5}",2,2,1.0,0.0,1.0,0.0,1.0,1.0,1.0,2,1,0,1,0,1,1,0,0,1,0,0,"[{""projection_kind"": ""structure"", ""memory_id"": """", ""target_structure_id"": ""st_000074"", ""depth_min"": 1, ""depth_max"": 1, ""delta_ev"": 0.51}, {""projection_kind"": ""structure"", ""memory_id"": """", ""target_structure_id"": ""st_000075"", ""depth_min"": 1, ""depth_max"": 1, ""delta_ev"": 0.29}, {""projection_kind"": ""memory"", ""memory_id"": ""em_000028"", ""target_structure_id"": ""st_000076"", ""depth_min"": 1, ""depth_max"": 1, ""delta_ev"": 0.2}]"
F02,width_cap_one,宽度上限,0.31,1.0,1,0.51,0.29,0.2,0.63,0.37,0.59,0.41,1,4,4,2,4,6,7,3,2,"{""1"": 18, ""2"": 5}",1,1,1.77440644,0.94356808,2.71797452,0.27723052,2.71797452,1.0,1.77440644,5,3,1,2,1,1,1,1,0,1,1,0,"[{""projection_kind"": ""structure"", ""memory_id"": """", ""target_structure_id"": ""st_000082"", ""depth_min"": 1, ""depth_max"": 1, ""delta_ev"": 0.51}, {""projection_kind"": ""structure"", ""memory_id"": """", ""target_structure_id"": ""st_000083"", ""depth_min"": 1, ""depth_max"": 1, ""delta_ev"": 0.29}, {""projection_kind"": ""memory"", ""memory_id"": ""em_000031"", ""target_structure_id"": ""st_000084"", ""depth_min"": 1, ""depth_max"": 1, ""delta_ev"": 0.2}, {""projection_kind"": ""structure"", ""memory_id"": """", ""target_structure_id"": ""st_000082"", ""depth_min"": 1, ""depth_max"": 1, ""delta_ev"": 0.48121972}, {""projection_kind"": ""structure"", ""memory_id"": """", ""target_structure_id"": ""st_000083"", ""depth_min"": 1, ""depth_max"": 1, ""delta_ev"": 0.27363474}, {""projection_kind"": ""memory"", ""memory_id"": ""em_000031"", ""target_structure_id"": ""st_000084"", ""depth_min"": 1, ""depth_max"": 1, ""delta_ev"": 0.18871362}, {""projection_kind"": ""structure"", ""memory_id"": """", ""target_structure_id"": ""st_000085"", ""depth_min"": 2, ""depth_max"": 2, ""delta_ev"": 0.48787606}, {""projection_kind"": ""memory"", ""memory_id"": ""em_000032"", ""target_structure_id"": ""st_000086"", ""depth_min"": 2, ""depth_max"": 2, ""delta_ev"": 0.28653038}]"
F02,no_er_reinduction,关闭根源ER重诱发,0.0,1.0,0,0.51,0.29,0.2,0.63,0.37,0.59,0.41,1,4,3,2,4,0,3,0,2,"{""1"": 5, ""2"": 6}",2,2,1.8,0.0,1.8,0.0,1.8,1.0,1.8,4,3,2,1,2,1,1,1,1,1,1,1,"[{""projection_kind"": ""structure"", ""memory_id"": """", ""target_structure_id"": ""st_000090"", ""depth_min"": 1, ""depth_max"": 1, ""delta_ev"": 0.51}, {""projection_kind"": ""structure"", ""memory_id"": """", ""target_structure_id"": ""st_000091"", ""depth_min"": 1, ""depth_max"": 1, ""delta_ev"": 0.29}, {""projection_kind"": ""memory"", ""memory_id"": ""em_000034"", ""target_structure_id"": ""st_000092"", ""depth_min"": 1, ""depth_max"": 1, ""delta_ev"": 0.2}, {""projection_kind"": ""structure"", ""memory_id"": """", ""target_structure_id"": ""st_000093"", ""depth_min"": 2, ""depth_max"": 2, ""delta_ev"": 0.3213}, {""projection_kind"": ""memory"", ""memory_id"": ""em_000035"", ""target_structure_id"": ""st_000094"", ""depth_min"": 2, ""depth_max"": 2, ""delta_ev"": 0.1887}, {""projection_kind"": ""structure"", ""memory_id"": """", ""target_structure_id"": ""st_000095"", ""depth_min"": 2, ""depth_max"": 2, ""delta_ev"": 0.1711}, {""projection_kind"": ""memory"", ""memory_id"": ""em_000036"", ""target_structure_id"": ""st_000096"", ""depth_min"": 2, ""depth_max"": 2, ""delta_ev"": 0.1189}]"
F03,deep_multilayer,多轮扩散,0.32,1.0,1,0.5,0.3,0.2,0.62,0.38,0.6,0.4,1,4,4,2,14,1,11,3,2,"{""1"": 23, ""2"": 18}",4,4,2.4380544,0.97400576,3.41206016,0.34857216,3.41206016,1.0,2.4380544,6,4,2,2,2,1,1,1,1,1,1,1,"[{""projection_kind"": ""structure"", ""memory_id"": """", ""target_structure_id"": ""st_000098"", ""depth_min"": 1, ""depth_max"": 1, ""delta_ev"": 0.5}, {""projection_kind"": ""structure"", ""memory_id"": """", ""target_structure_id"": ""st_000099"", ""depth_min"": 1, ""depth_max"": 1, ""delta_ev"": 0.3}, {""projection_kind"": ""memory"", ""memory_id"": ""em_000037"", ""target_structure_id"": ""st_000100"", ""depth_min"": 1, ""depth_max"": 1, ""delta_ev"": 0.2}, {""projection_kind"": ""structure"", ""memory_id"": """", ""target_structure_id"": ""st_000098"", ""depth_min"": 1, ""depth_max"": 1, ""delta_ev"": 0.48700288}, {""projection_kind"": ""structure"", ""memory_id"": """", ""target_structure_id"": ""st_000099"", ""depth_min"": 1, ""depth_max"": 1, ""delta_ev"": 0.29220173}, {""projection_kind"": ""memory"", ""memory_id"": ""em_000037"", ""target_structure_id"": ""st_000100"", ""depth_min"": 1, ""depth_max"": 1, ""delta_ev"": 0.19480115}, {""projection_kind"": ""structure"", ""memory_id"": """", ""target_structure_id"": ""st_000101"", ""depth_min"": 2, ""depth_max"": 2, ""delta_ev"": 0.55724608}, {""projection_kind"": ""memory"", ""memory_id"": ""em_000038"", ""target_structure_id"": ""st_000102"", ""depth_min"": 2, ""depth_max"": 2, ""delta_ev"": 0.34153792}, {""projection_kind"": ""structure"", ""memory_id"": """", ""target_structure_id"": ""st_000103"", ""depth_min"": 2, ""depth_max"": 2, ""delta_ev"": 0.32356224}, {""projection_kind"": ""memory"", ""memory_id"": ""em_000039"", ""target_structure_id"": ""st_000104"", ""depth_min"": 2, ""depth_max"": 2, ""delta_ev"": 0.21570816}]"
F03,single_round_cap,单轮截断,0.32,1.0,1,0.5,0.3,0.2,0.62,0.38,0.6,0.4,1,1,1,1,2,0,2,0,1,"{""1"": 8}",2,1,1.0,0.32,1.32,1.32,1.32,1.0,1.0,4,2,0,2,0,1,1,0,0,1,0,0,"[{""projection_kind"": ""structure"", ""memory_id"": """", ""target_structure_id"": ""st_000106"", ""depth_min"": 1, ""depth_max"": 1, ""delta_ev"": 0.5}, {""projection_kind"": ""structure"", ""memory_id"": """", ""target_structure_id"": ""st_000107"", ""depth_min"": 1, ""depth_max"": 1, ""delta_ev"": 0.3}, {""projection_kind"": ""memory"", ""memory_id"": ""em_000040"", ""target_structure_id"": ""st_000108"", ""depth_min"": 1, ""depth_max"": 1, ""delta_ev"": 0.2}, {""projection_kind"": ""structure"", ""memory_id"": """", ""target_structure_id"": ""st_000106"", ""depth_min"": 1, ""depth_max"": 1, ""delta_ev"": 0.16}, {""projection_kind"": ""structure"", ""memory_id"": """", ""target_structure_id"": ""st_000107"", ""depth_min"": 1, ""depth_max"": 1, ""delta_ev"": 0.096}, {""projection_kind"": ""memory"", ""memory_id"": ""em_000040"", ""target_structure_id"": ""st_000108"", ""depth_min"": 1, ""depth_max"": 1, ""delta_ev"": 0.064}]"
F03,high_frontier_threshold,前沿阈值剪枝,0.32,1.0,1,0.5,0.3,0.2,0.62,0.38,0.6,0.4,1,4,4,1,8,6,5,3,1,"{""1"": 23}",2,2,1.0,0.97400576,1.97400576,0.17643776,1.97400576,1.0,1.0,4,2,0,2,0,1,1,0,0,1,0,0,"[{""projection_kind"": ""structure"", ""memory_id"": """", ""target_structure_id"": ""st_000114"", ""depth_min"": 1, ""depth_max"": 1, ""delta_ev"": 0.5}, {""projection_kind"": ""structure"", ""memory_id"": """", ""target_structure_id"": ""st_000115"", ""depth_min"": 1, ""depth_max"": 1, ""delta_ev"": 0.3}, {""projection_kind"": ""memory"", ""memory_id"": ""em_000043"", ""target_structure_id"": ""st_000116"", ""depth_min"": 1, ""depth_max"": 1, ""delta_ev"": 0.2}, {""projection_kind"": ""structure"", ""memory_id"": """", ""target_structure_id"": ""st_000114"", ""depth_min"": 1, ""depth_max"": 1, ""delta_ev"": 0.48700288}, {""projection_kind"": ""structure"", ""memory_id"": """", ""target_structure_id"": ""st_000115"", ""depth_min"": 1, ""depth_max"": 1, ""delta_ev"": 0.29220173}, {""projection_kind"": ""memory"", ""memory_id"": ""em_000043"", ""target_structure_id"": ""st_000116"", ""depth_min"": 1, ""depth_max"": 1, ""delta_ev"": 0.19480115}]"
F03,high_budget_threshold,预算阈值剪枝,0.0,1.0,0,0.5,0.3,0.2,0.62,0.38,0.6,0.4,1,4,2,1,2,2,1,0,1,"{""1"": 5}",2,2,1.0,0.0,1.0,0.0,1.0,1.0,1.0,2,1,0,1,0,1,1,0,0,1,0,0,"[{""projection_kind"": ""structure"", ""memory_id"": """", ""target_structure_id"": ""st_000122"", ""depth_min"": 1, ""depth_max"": 1, ""delta_ev"": 0.5}, {""projection_kind"": ""structure"", ""memory_id"": """", ""target_structure_id"": ""st_000123"", ""depth_min"": 1, ""depth_max"": 1, ""delta_ev"": 0.3}, {""projection_kind"": ""memory"", ""memory_id"": ""em_000046"", ""target_structure_id"": ""st_000124"", ""depth_min"": 1, ""depth_max"": 1, ""delta_ev"": 0.2}]"
F03,width_cap_one,宽度上限,0.32,1.0,1,0.5,0.3,0.2,0.62,0.38,0.6,0.4,1,4,4,2,4,6,7,3,2,"{""1"": 18, ""2"": 5}",1,1,1.767584,0.97400576,2.74158976,0.28402176,2.74158976,1.0,1.767584,5,3,1,2,1,1,1,1,0,1,1,0,"[{""projection_kind"": ""structure"", ""memory_id"": """", ""target_structure_id"": ""st_000130"", ""depth_min"": 1, ""depth_max"": 1, ""delta_ev"": 0.5}, {""projection_kind"": ""structure"", ""memory_id"": """", ""target_structure_id"": ""st_000131"", ""depth_min"": 1, ""depth_max"": 1, ""delta_ev"": 0.3}, {""projection_kind"": ""memory"", ""memory_id"": ""em_000049"", ""target_structure_id"": ""st_000132"", ""depth_min"": 1, ""depth_max"": 1, ""delta_ev"": 0.2}, {""projection_kind"": ""structure"", ""memory_id"": """", ""target_structure_id"": ""st_000130"", ""depth_min"": 1, ""depth_max"": 1, ""delta_ev"": 0.48700288}, {""projection_kind"": ""structure"", ""memory_id"": """", ""target_structure_id"": ""st_000131"", ""depth_min"": 1, ""depth_max"": 1, ""delta_ev"": 0.29220173}, {""projection_kind"": ""memory"", ""memory_id"": ""em_000049"", ""target_structure_id"": ""st_000132"", ""depth_min"": 1, ""depth_max"": 1, ""delta_ev"": 0.19480115}, {""projection_kind"": ""structure"", ""memory_id"": """", ""target_structure_id"": ""st_000133"", ""depth_min"": 2, ""depth_max"": 2, ""delta_ev"": 0.47590208}, {""projection_kind"": ""memory"", ""memory_id"": ""em_000050"", ""target_structure_id"": ""st_000134"", ""depth_min"": 2, ""depth_max"": 2, ""delta_ev"": 0.29168192}]"
F03,no_er_reinduction,关闭根源ER重诱发,0.0,1.0,0,0.5,0.3,0.2,0.62,0.38,0.6,0.4,1,4,3,2,4,0,3,0,2,"{""1"": 5, ""2"": 6}",2,2,1.8,0.0,1.8,0.0,1.8,1.0,1.8,4,3,2,1,2,1,1,1,1,1,1,1,"[{""projection_kind"": ""structure"", ""memory_id"": """", ""target_structure_id"": ""st_000138"", ""depth_min"": 1, ""depth_max"": 1, ""delta_ev"": 0.5}, {""projection_kind"": ""structure"", ""memory_id"": """", ""target_structure_id"": ""st_000139"", ""depth_min"": 1, ""depth_max"": 1, ""delta_ev"": 0.3}, {""projection_kind"": ""memory"", ""memory_id"": ""em_000052"", ""target_structure_id"": ""st_000140"", ""depth_min"": 1, ""depth_max"": 1, ""delta_ev"": 0.2}, {""projection_kind"": ""structure"", ""memory_id"": """", ""target_structure_id"": ""st_000141"", ""depth_min"": 2, ""depth_max"": 2, ""delta_ev"": 0.31}, {""projection_kind"": ""memory"", ""memory_id"": ""em_000053"", ""target_structure_id"": ""st_000142"", ""depth_min"": 2, ""depth_max"": 2, ""delta_ev"": 0.19}, {""projection_kind"": ""structure"", ""memory_id"": """", ""target_structure_id"": ""st_000143"", ""depth_min"": 2, ""depth_max"": 2, ""delta_ev"": 0.18}, {""projection_kind"": ""memory"", ""memory_id"": ""em_000054"", ""target_structure_id"": ""st_000144"", ""depth_min"": 2, ""depth_max"": 2, ""delta_ev"": 0.12}]"
F04,deep_multilayer,多轮扩散,0.33,1.0,1,0.53,0.27,0.2,0.65,0.35,0.57,0.43,1,4,4,2,14,1,11,3,2,"{""1"": 23, ""2"": 18}",4,4,2.4579936,1.00444344,3.46243704,0.35946504,3.46243704,1.0,2.4579936,6,4,2,2,2,1,1,1,1,1,1,1,"[{""projection_kind"": ""structure"", ""memory_id"": """", ""target_structure_id"": ""st_000146"", ""depth_min"": 1, ""depth_max"": 1, ""delta_ev"": 0.53}, {""projection_kind"": ""structure"", ""memory_id"": """", ""target_structure_id"": ""st_000147"", ""depth_min"": 1, ""depth_max"": 1, ""delta_ev"": 0.27}, {""projection_kind"": ""memory"", ""memory_id"": ""em_000055"", ""target_structure_id"": ""st_000148"", ""depth_min"": 1, ""depth_max"": 1, ""delta_ev"": 0.2}, {""projection_kind"": ""structure"", ""memory_id"": """", ""target_structure_id"": ""st_000146"", ""depth_min"": 1, ""depth_max"": 1, ""delta_ev"": 0.53235502}, {""projection_kind"": ""structure"", ""memory_id"": """", ""target_structure_id"": ""st_000147"", ""depth_min"": 1, ""depth_max"": 1, ""delta_ev"": 0.27119973}, {""projection_kind"": ""memory"", ""memory_id"": ""em_000055"", ""target_structure_id"": ""st_000148"", ""depth_min"": 1, ""depth_max"": 1, ""delta_ev"": 0.20088869}, {""projection_kind"": ""structure"", ""memory_id"": """", ""target_structure_id"": ""st_000149"", ""depth_min"": 2, ""depth_max"": 2, ""delta_ev"": 0.62784849}, {""projection_kind"": ""memory"", ""memory_id"": ""em_000056"", ""target_structure_id"": ""st_000150"", ""depth_min"": 2, ""depth_max"": 2, ""delta_ev"": 0.33807227}, {""projection_kind"": ""structure"", ""memory_id"": """", ""target_structure_id"": ""st_000151"", ""depth_min"": 2, ""depth_max"": 2, ""delta_ev"": 0.28048152}, {""projection_kind"": ""memory"", ""memory_id"": ""em_000057"", ""target_structure_id"": ""st_000152"", ""depth_min"": 2, ""depth_max"": 2, ""delta_ev"": 0.21159132}]"
F04,single_round_cap,单轮截断,0.33,1.0,1,0.53,0.27,0.2,0.65,0.35,0.57,0.43,1,1,1,1,2,0,2,0,1,"{""1"": 8}",2,1,1.0,0.33,1.33,1.33,1.33,1.0,1.0,4,2,0,2,0,1,1,0,0,1,0,0,"[{""projection_kind"": ""structure"", ""memory_id"": """", ""target_structure_id"": ""st_000154"", ""depth_min"": 1, ""depth_max"": 1, ""delta_ev"": 0.53}, {""projection_kind"": ""structure"", ""memory_id"": """", ""target_structure_id"": ""st_000155"", ""depth_min"": 1, ""depth_max"": 1, ""delta_ev"": 0.27}, {""projection_kind"": ""memory"", ""memory_id"": ""em_000058"", ""target_structure_id"": ""st_000156"", ""depth_min"": 1, ""depth_max"": 1, ""delta_ev"": 0.2}, {""projection_kind"": ""structure"", ""memory_id"": """", ""target_structure_id"": ""st_000154"", ""depth_min"": 1, ""depth_max"": 1, ""delta_ev"": 0.1749}, {""projection_kind"": ""structure"", ""memory_id"": """", ""target_structure_id"": ""st_000155"", ""depth_min"": 1, ""depth_max"": 1, ""delta_ev"": 0.0891}, {""projection_kind"": ""memory"", ""memory_id"": ""em_000058"", ""target_structure_id"": ""st_000156"", ""depth_min"": 1, ""depth_max"": 1, ""delta_ev"": 0.066}]"
F04,high_frontier_threshold,前沿阈值剪枝,0.33,1.0,1,0.53,0.27,0.2,0.65,0.35,0.57,0.43,1,4,4,1,8,6,5,3,1,"{""1"": 23}",2,2,1.0,1.00444344,2.00444344,0.18195144,2.00444344,1.0,1.0,4,2,0,2,0,1,1,0,0,1,0,0,"[{""projection_kind"": ""structure"", ""memory_id"": """", ""target_structure_id"": ""st_000162"", ""depth_min"": 1, ""depth_max"": 1, ""delta_ev"": 0.53}, {""projection_kind"": ""structure"", ""memory_id"": """", ""target_structure_id"": ""st_000163"", ""depth_min"": 1, ""depth_max"": 1, ""delta_ev"": 0.27}, {""projection_kind"": ""memory"", ""memory_id"": ""em_000061"", ""target_structure_id"": ""st_000164"", ""depth_min"": 1, ""depth_max"": 1, ""delta_ev"": 0.2}, {""projection_kind"": ""structure"", ""memory_id"": """", ""target_structure_id"": ""st_000162"", ""depth_min"": 1, ""depth_max"": 1, ""delta_ev"": 0.53235502}, {""projection_kind"": ""structure"", ""memory_id"": """", ""target_structure_id"": ""st_000163"", ""depth_min"": 1, ""depth_max"": 1, ""delta_ev"": 0.27119973}, {""projection_kind"": ""memory"", ""memory_id"": ""em_000061"", ""target_structure_id"": ""st_000164"", ""depth_min"": 1, ""depth_max"": 1, ""delta_ev"": 0.20088869}]"
F04,high_budget_threshold,预算阈值剪枝,0.0,1.0,0,0.53,0.27,0.2,0.65,0.35,0.57,0.43,1,4,2,1,2,2,1,0,1,"{""1"": 5}",2,2,1.0,0.0,1.0,0.0,1.0,1.0,1.0,2,1,0,1,0,1,1,0,0,1,0,0,"[{""projection_kind"": ""structure"", ""memory_id"": """", ""target_structure_id"": ""st_000170"", ""depth_min"": 1, ""depth_max"": 1, ""delta_ev"": 0.53}, {""projection_kind"": ""structure"", ""memory_id"": """", ""target_structure_id"": ""st_000171"", ""depth_min"": 1, ""depth_max"": 1, ""delta_ev"": 0.27}, {""projection_kind"": ""memory"", ""memory_id"": ""em_000064"", ""target_structure_id"": ""st_000172"", ""depth_min"": 1, ""depth_max"": 1, ""delta_ev"": 0.2}]"
F04,width_cap_one,宽度上限,0.33,1.0,1,0.53,0.27,0.2,0.65,0.35,0.57,0.43,1,4,4,2,4,6,7,3,2,"{""1"": 18, ""2"": 5}",1,1,1.82250276,1.00444344,2.8269462,0.2995542,2.8269462,1.0,1.82250276,5,3,1,2,1,1,1,1,0,1,1,0,"[{""projection_kind"": ""structure"", ""memory_id"": """", ""target_structure_id"": ""st_000178"", ""depth_min"": 1, ""depth_max"": 1, ""delta_ev"": 0.53}, {""projection_kind"": ""structure"", ""memory_id"": """", ""target_structure_id"": ""st_000179"", ""depth_min"": 1, ""depth_max"": 1, ""delta_ev"": 0.27}, {""projection_kind"": ""memory"", ""memory_id"": ""em_000067"", ""target_structure_id"": ""st_000180"", ""depth_min"": 1, ""depth_max"": 1, ""delta_ev"": 0.2}, {""projection_kind"": ""structure"", ""memory_id"": """", ""target_structure_id"": ""st_000178"", ""depth_min"": 1, ""depth_max"": 1, ""delta_ev"": 0.53235502}, {""projection_kind"": ""structure"", ""memory_id"": """", ""target_structure_id"": ""st_000179"", ""depth_min"": 1, ""depth_max"": 1, ""delta_ev"": 0.27119973}, {""projection_kind"": ""memory"", ""memory_id"": ""em_000067"", ""target_structure_id"": ""st_000180"", ""depth_min"": 1, ""depth_max"": 1, ""delta_ev"": 0.20088869}, {""projection_kind"": ""structure"", ""memory_id"": """", ""target_structure_id"": ""st_000181"", ""depth_min"": 2, ""depth_max"": 2, ""delta_ev"": 0.53462679}, {""projection_kind"": ""memory"", ""memory_id"": ""em_000068"", ""target_structure_id"": ""st_000182"", ""depth_min"": 2, ""depth_max"": 2, ""delta_ev"": 0.28787597}]"
F04,no_er_reinduction,关闭根源ER重诱发,0.0,1.0,0,0.53,0.27,0.2,0.65,0.35,0.57,0.43,1,4,3,2,4,0,3,0,2,"{""1"": 5, ""2"": 6}",2,2,1.8,0.0,1.8,0.0,1.8,1.0,1.8,4,3,2,1,2,1,1,1,1,1,1,1,"[{""projection_kind"": ""structure"", ""memory_id"": """", ""target_structure_id"": ""st_000186"", ""depth_min"": 1, ""depth_max"": 1, ""delta_ev"": 0.53}, {""projection_kind"": ""structure"", ""memory_id"": """", ""target_structure_id"": ""st_000187"", ""depth_min"": 1, ""depth_max"": 1, ""delta_ev"": 0.27}, {""projection_kind"": ""memory"", ""memory_id"": ""em_000070"", ""target_structure_id"": ""st_000188"", ""depth_min"": 1, ""depth_max"": 1, ""delta_ev"": 0.2}, {""projection_kind"": ""structure"", ""memory_id"": """", ""target_structure_id"": ""st_000189"", ""depth_min"": 2, ""depth_max"": 2, ""delta_ev"": 0.3445}, {""projection_kind"": ""memory"", ""memory_id"": ""em_000071"", ""target_structure_id"": ""st_000190"", ""depth_min"": 2, ""depth_max"": 2, ""delta_ev"": 0.1855}, {""projection_kind"": ""structure"", ""memory_id"": """", ""target_structure_id"": ""st_000191"", ""depth_min"": 2, ""depth_max"": 2, ""delta_ev"": 0.1539}, {""projection_kind"": ""memory"", ""memory_id"": ""em_000072"", ""target_structure_id"": ""st_000192"", ""depth_min"": 2, ""depth_max"": 2, ""delta_ev"": 0.1161}]"
F05,deep_multilayer,多轮扩散,0.34,1.0,1,0.54,0.26,0.2,0.66,0.34,0.56,0.44,1,4,4,2,14,1,11,3,2,"{""1"": 23, ""2"": 18}",4,4,2.4779328,1.03488112,3.51281391,0.37035791,3.51281391,1.0,2.4779328,6,4,2,2,2,1,1,1,1,1,1,1,"[{""projection_kind"": ""structure"", ""memory_id"": """", ""target_structure_id"": ""st_000194"", ""depth_min"": 1, ""depth_max"": 1, ""delta_ev"": 0.54}, {""projection_kind"": ""structure"", ""memory_id"": """", ""target_structure_id"": ""st_000195"", ""depth_min"": 1, ""depth_max"": 1, ""delta_ev"": 0.26}, {""projection_kind"": ""memory"", ""memory_id"": ""em_000073"", ""target_structure_id"": ""st_000196"", ""depth_min"": 1, ""depth_max"": 1, ""delta_ev"": 0.2}, {""projection_kind"": ""structure"", ""memory_id"": """", ""target_structure_id"": ""st_000194"", ""depth_min"": 1, ""depth_max"": 1, ""delta_ev"": 0.5588358}, {""projection_kind"": ""structure"", ""memory_id"": """", ""target_structure_id"": ""st_000195"", ""depth_min"": 1, ""depth_max"": 1, ""delta_ev"": 0.26906909}, {""projection_kind"": ""memory"", ""memory_id"": ""em_000073"", ""target_structure_id"": ""st_000196"", ""depth_min"": 1, ""depth_max"": 1, ""delta_ev"": 0.20697622}, {""projection_kind"": ""structure"", ""memory_id"": """", ""target_structure_id"": ""st_000197"", ""depth_min"": 2, ""depth_max"": 2, ""delta_ev"": 0.65841906}, {""projection_kind"": ""memory"", ""memory_id"": ""em_000074"", ""target_structure_id"": ""st_000198"", ""depth_min"": 2, ""depth_max"": 2, ""delta_ev"": 0.33918558}, {""projection_kind"": ""structure"", ""memory_id"": """", ""target_structure_id"": ""st_000199"", ""depth_min"": 2, ""depth_max"": 2, ""delta_ev"": 0.26898377}, {""projection_kind"": ""memory"", ""memory_id"": ""em_000075"", ""target_structure_id"": ""st_000200"", ""depth_min"": 2, ""depth_max"": 2, ""delta_ev"": 0.21134439}]"
F05,single_round_cap,单轮截断,0.34,1.0,1,0.54,0.26,0.2,0.66,0.34,0.56,0.44,1,1,1,1,2,0,2,0,1,"{""1"": 8}",2,1,1.0,0.34,1.34,1.34,1.34,1.0,1.0,4,2,0,2,0,1,1,0,0,1,0,0,"[{""projection_kind"": ""structure"", ""memory_id"": """", ""target_structure_id"": ""st_000202"", ""depth_min"": 1, ""depth_max"": 1, ""delta_ev"": 0.54}, {""projection_kind"": ""structure"", ""memory_id"": """", ""target_structure_id"": ""st_000203"", ""depth_min"": 1, ""depth_max"": 1, ""delta_ev"": 0.26}, {""projection_kind"": ""memory"", ""memory_id"": ""em_000076"", ""target_structure_id"": ""st_000204"", ""depth_min"": 1, ""depth_max"": 1, ""delta_ev"": 0.2}, {""projection_kind"": ""structure"", ""memory_id"": """", ""target_structure_id"": ""st_000202"", ""depth_min"": 1, ""depth_max"": 1, ""delta_ev"": 0.1836}, {""projection_kind"": ""structure"", ""memory_id"": """", ""target_structure_id"": ""st_000203"", ""depth_min"": 1, ""depth_max"": 1, ""delta_ev"": 0.0884}, {""projection_kind"": ""memory"", ""memory_id"": ""em_000076"", ""target_structure_id"": ""st_000204"", ""depth_min"": 1, ""depth_max"": 1, ""delta_ev"": 0.068}]"
F05,high_frontier_threshold,前沿阈值剪枝,0.34,1.0,1,0.54,0.26,0.2,0.66,0.34,0.56,0.44,1,4,4,1,8,6,5,3,1,"{""1"": 23}",2,2,1.0,1.03488112,2.03488111,0.18746511,2.03488111,1.0,1.0,4,2,0,2,0,1,1,0,0,1,0,0,"[{""projection_kind"": ""structure"", ""memory_id"": """", ""target_structure_id"": ""st_000210"", ""depth_min"": 1, ""depth_max"": 1, ""delta_ev"": 0.54}, {""projection_kind"": ""structure"", ""memory_id"": """", ""target_structure_id"": ""st_000211"", ""depth_min"": 1, ""depth_max"": 1, ""delta_ev"": 0.26}, {""projection_kind"": ""memory"", ""memory_id"": ""em_000079"", ""target_structure_id"": ""st_000212"", ""depth_min"": 1, ""depth_max"": 1, ""delta_ev"": 0.2}, {""projection_kind"": ""structure"", ""memory_id"": """", ""target_structure_id"": ""st_000210"", ""depth_min"": 1, ""depth_max"": 1, ""delta_ev"": 0.5588358}, {""projection_kind"": ""structure"", ""memory_id"": """", ""target_structure_id"": ""st_000211"", ""depth_min"": 1, ""depth_max"": 1, ""delta_ev"": 0.26906909}, {""projection_kind"": ""memory"", ""memory_id"": ""em_000079"", ""target_structure_id"": ""st_000212"", ""depth_min"": 1, ""depth_max"": 1, ""delta_ev"": 0.20697622}]"
F05,high_budget_threshold,预算阈值剪枝,0.0,1.0,0,0.54,0.26,0.2,0.66,0.34,0.56,0.44,1,4,2,1,2,2,1,0,1,"{""1"": 5}",2,2,1.0,0.0,1.0,0.0,1.0,1.0,1.0,2,1,0,1,0,1,1,0,0,1,0,0,"[{""projection_kind"": ""structure"", ""memory_id"": """", ""target_structure_id"": ""st_000218"", ""depth_min"": 1, ""depth_max"": 1, ""delta_ev"": 0.54}, {""projection_kind"": ""structure"", ""memory_id"": """", ""target_structure_id"": ""st_000219"", ""depth_min"": 1, ""depth_max"": 1, ""delta_ev"": 0.26}, {""projection_kind"": ""memory"", ""memory_id"": ""em_000082"", ""target_structure_id"": ""st_000220"", ""depth_min"": 1, ""depth_max"": 1, ""delta_ev"": 0.2}]"
F05,width_cap_one,宽度上限,0.34,1.0,1,0.54,0.26,0.2,0.66,0.34,0.56,0.44,1,4,4,2,4,6,7,3,2,"{""1"": 18, ""2"": 5}",1,1,1.84705264,1.03488112,2.88193375,0.31091775,2.88193375,1.0,1.84705264,5,3,1,2,1,1,1,1,0,1,1,0,"[{""projection_kind"": ""structure"", ""memory_id"": """", ""target_structure_id"": ""st_000226"", ""depth_min"": 1, ""depth_max"": 1, ""delta_ev"": 0.54}, {""projection_kind"": ""structure"", ""memory_id"": """", ""target_structure_id"": ""st_000227"", ""depth_min"": 1, ""depth_max"": 1, ""delta_ev"": 0.26}, {""projection_kind"": ""memory"", ""memory_id"": ""em_000085"", ""target_structure_id"": ""st_000228"", ""depth_min"": 1, ""depth_max"": 1, ""delta_ev"": 0.2}, {""projection_kind"": ""structure"", ""memory_id"": """", ""target_structure_id"": ""st_000226"", ""depth_min"": 1, ""depth_max"": 1, ""delta_ev"": 0.5588358}, {""projection_kind"": ""structure"", ""memory_id"": """", ""target_structure_id"": ""st_000227"", ""depth_min"": 1, ""depth_max"": 1, ""delta_ev"": 0.26906909}, {""projection_kind"": ""memory"", ""memory_id"": ""em_000085"", ""target_structure_id"": ""st_000228"", ""depth_min"": 1, ""depth_max"": 1, ""delta_ev"": 0.20697622}, {""projection_kind"": ""structure"", ""memory_id"": """", ""target_structure_id"": ""st_000229"", ""depth_min"": 2, ""depth_max"": 2, ""delta_ev"": 0.55905474}, {""projection_kind"": ""memory"", ""memory_id"": ""em_000086"", ""target_structure_id"": ""st_000230"", ""depth_min"": 2, ""depth_max"": 2, ""delta_ev"": 0.2879979}]"
F05,no_er_reinduction,关闭根源ER重诱发,0.0,1.0,0,0.54,0.26,0.2,0.66,0.34,0.56,0.44,1,4,3,2,4,0,3,0,2,"{""1"": 5, ""2"": 6}",2,2,1.8,0.0,1.8,0.0,1.8,1.0,1.8,4,3,2,1,2,1,1,1,1,1,1,1,"[{""projection_kind"": ""structure"", ""memory_id"": """", ""target_structure_id"": ""st_000234"", ""depth_min"": 1, ""depth_max"": 1, ""delta_ev"": 0.54}, {""projection_kind"": ""structure"", ""memory_id"": """", ""target_structure_id"": ""st_000235"", ""depth_min"": 1, ""depth_max"": 1, ""delta_ev"": 0.26}, {""projection_kind"": ""memory"", ""memory_id"": ""em_000088"", ""target_structure_id"": ""st_000236"", ""depth_min"": 1, ""depth_max"": 1, ""delta_ev"": 0.2}, {""projection_kind"": ""structure"", ""memory_id"": """", ""target_structure_id"": ""st_000237"", ""depth_min"": 2, ""depth_max"": 2, ""delta_ev"": 0.3564}, {""projection_kind"": ""memory"", ""memory_id"": ""em_000089"", ""target_structure_id"": ""st_000238"", ""depth_min"": 2, ""depth_max"": 2, ""delta_ev"": 0.1836}, {""projection_kind"": ""structure"", ""memory_id"": """", ""target_structure_id"": ""st_000239"", ""depth_min"": 2, ""depth_max"": 2, ""delta_ev"": 0.1456}, {""projection_kind"": ""memory"", ""memory_id"": ""em_000090"", ""target_structure_id"": ""st_000240"", ""depth_min"": 2, ""depth_max"": 2, ""delta_ev"": 0.1144}]"
F06,deep_multilayer,多轮扩散,0.35,1.0,1,0.49,0.31,0.2,0.61,0.39,0.61,0.39,1,4,4,2,14,0,11,3,2,"{""1"": 23, ""2"": 18}",4,4,2.497872,1.0653188,3.5631908,0.3812508,3.5631908,1.0,2.497872,6,4,2,2,2,1,1,1,1,1,1,1,"[{""projection_kind"": ""structure"", ""memory_id"": """", ""target_structure_id"": ""st_000242"", ""depth_min"": 1, ""depth_max"": 1, ""delta_ev"": 0.49}, {""projection_kind"": ""structure"", ""memory_id"": """", ""target_structure_id"": ""st_000243"", ""depth_min"": 1, ""depth_max"": 1, ""delta_ev"": 0.31}, {""projection_kind"": ""memory"", ""memory_id"": ""em_000091"", ""target_structure_id"": ""st_000244"", ""depth_min"": 1, ""depth_max"": 1, ""delta_ev"": 0.2}, {""projection_kind"": ""structure"", ""memory_id"": """", ""target_structure_id"": ""st_000242"", ""depth_min"": 1, ""depth_max"": 1, ""delta_ev"": 0.52200621}, {""projection_kind"": ""structure"", ""memory_id"": """", ""target_structure_id"": ""st_000243"", ""depth_min"": 1, ""depth_max"": 1, ""delta_ev"": 0.33024883}, {""projection_kind"": ""memory"", ""memory_id"": ""em_000091"", ""target_structure_id"": ""st_000244"", ""depth_min"": 1, ""depth_max"": 1, ""delta_ev"": 0.21306376}, {""projection_kind"": ""structure"", ""memory_id"": """", ""target_structure_id"": ""st_000245"", ""depth_min"": 2, ""depth_max"": 2, ""delta_ev"": 0.55964243}, {""projection_kind"": ""memory"", ""memory_id"": ""em_000092"", ""target_structure_id"": ""st_000246"", ""depth_min"": 2, ""depth_max"": 2, ""delta_ev"": 0.35780417}, {""projection_kind"": ""structure"", ""memory_id"": """", ""target_structure_id"": ""st_000247"", ""depth_min"": 2, ""depth_max"": 2, ""delta_ev"": 0.35405949}, {""projection_kind"": ""memory"", ""memory_id"": ""em_000093"", ""target_structure_id"": ""st_000248"", ""depth_min"": 2, ""depth_max"": 2, ""delta_ev"": 0.22636591}]"
F06,single_round_cap,单轮截断,0.35,1.0,1,0.49,0.31,0.2,0.61,0.39,0.61,0.39,1,1,1,1,2,0,2,0,1,"{""1"": 8}",2,1,1.0,0.35,1.35,1.35,1.35,1.0,1.0,4,2,0,2,0,1,1,0,0,1,0,0,"[{""projection_kind"": ""structure"", ""memory_id"": """", ""target_structure_id"": ""st_000250"", ""depth_min"": 1, ""depth_max"": 1, ""delta_ev"": 0.49}, {""projection_kind"": ""structure"", ""memory_id"": """", ""target_structure_id"": ""st_000251"", ""depth_min"": 1, ""depth_max"": 1, ""delta_ev"": 0.31}, {""projection_kind"": ""memory"", ""memory_id"": ""em_000094"", ""target_structure_id"": ""st_000252"", ""depth_min"": 1, ""depth_max"": 1, ""delta_ev"": 0.2}, {""projection_kind"": ""structure"", ""memory_id"": """", ""target_structure_id"": ""st_000250"", ""depth_min"": 1, ""depth_max"": 1, ""delta_ev"": 0.1715}, {""projection_kind"": ""structure"", ""memory_id"": """", ""target_structure_id"": ""st_000251"", ""depth_min"": 1, ""depth_max"": 1, ""delta_ev"": 0.1085}, {""projection_kind"": ""memory"", ""memory_id"": ""em_000094"", ""target_structure_id"": ""st_000252"", ""depth_min"": 1, ""depth_max"": 1, ""delta_ev"": 0.07}]"
F06,high_frontier_threshold,前沿阈值剪枝,0.35,1.0,1,0.49,0.31,0.2,0.61,0.39,0.61,0.39,1,4,4,1,8,6,5,3,1,"{""1"": 23}",2,2,1.0,1.0653188,2.0653188,0.1929788,2.0653188,1.0,1.0,4,2,0,2,0,1,1,0,0,1,0,0,"[{""projection_kind"": ""structure"", ""memory_id"": """", ""target_structure_id"": ""st_000258"", ""depth_min"": 1, ""depth_max"": 1, ""delta_ev"": 0.49}, {""projection_kind"": ""structure"", ""memory_id"": """", ""target_structure_id"": ""st_000259"", ""depth_min"": 1, ""depth_max"": 1, ""delta_ev"": 0.31}, {""projection_kind"": ""memory"", ""memory_id"": ""em_000097"", ""target_structure_id"": ""st_000260"", ""depth_min"": 1, ""depth_max"": 1, ""delta_ev"": 0.2}, {""projection_kind"": ""structure"", ""memory_id"": """", ""target_structure_id"": ""st_000258"", ""depth_min"": 1, ""depth_max"": 1, ""delta_ev"": 0.52200621}, {""projection_kind"": ""structure"", ""memory_id"": """", ""target_structure_id"": ""st_000259"", ""depth_min"": 1, ""depth_max"": 1, ""delta_ev"": 0.33024883}, {""projection_kind"": ""memory"", ""memory_id"": ""em_000097"", ""target_structure_id"": ""st_000260"", ""depth_min"": 1, ""depth_max"": 1, ""delta_ev"": 0.21306376}]"
F06,high_budget_threshold,预算阈值剪枝,0.0,1.0,0,0.49,0.31,0.2,0.61,0.39,0.61,0.39,1,4,2,1,2,2,1,0,1,"{""1"": 5}",2,2,1.0,0.0,1.0,0.0,1.0,1.0,1.0,2,1,0,1,0,1,1,0,0,1,0,0,"[{""projection_kind"": ""structure"", ""memory_id"": """", ""target_structure_id"": ""st_000266"", ""depth_min"": 1, ""depth_max"": 1, ""delta_ev"": 0.49}, {""projection_kind"": ""structure"", ""memory_id"": """", ""target_structure_id"": ""st_000267"", ""depth_min"": 1, ""depth_max"": 1, ""delta_ev"": 0.31}, {""projection_kind"": ""memory"", ""memory_id"": ""em_000100"", ""target_structure_id"": ""st_000268"", ""depth_min"": 1, ""depth_max"": 1, ""delta_ev"": 0.2}]"
F06,width_cap_one,宽度上限,0.35,1.0,1,0.49,0.31,0.2,0.61,0.39,0.61,0.39,1,4,4,2,4,6,7,3,2,"{""1"": 18, ""2"": 5}",1,1,1.7768166,1.0653188,2.8421354,0.3082954,2.8421354,1.0,1.7768166,5,3,1,2,1,1,1,1,0,1,1,0,"[{""projection_kind"": ""structure"", ""memory_id"": """", ""target_structure_id"": ""st_000274"", ""depth_min"": 1, ""depth_max"": 1, ""delta_ev"": 0.49}, {""projection_kind"": ""structure"", ""memory_id"": """", ""target_structure_id"": ""st_000275"", ""depth_min"": 1, ""depth_max"": 1, ""delta_ev"": 0.31}, {""projection_kind"": ""memory"", ""memory_id"": ""em_000103"", ""target_structure_id"": ""st_000276"", ""depth_min"": 1, ""depth_max"": 1, ""delta_ev"": 0.2}, {""projection_kind"": ""structure"", ""memory_id"": """", ""target_structure_id"": ""st_000274"", ""depth_min"": 1, ""depth_max"": 1, ""delta_ev"": 0.52200621}, {""projection_kind"": ""structure"", ""memory_id"": """", ""target_structure_id"": ""st_000275"", ""depth_min"": 1, ""depth_max"": 1, ""delta_ev"": 0.33024883}, {""projection_kind"": ""memory"", ""memory_id"": ""em_000103"", ""target_structure_id"": ""st_000276"", ""depth_min"": 1, ""depth_max"": 1, ""delta_ev"": 0.21306376}, {""projection_kind"": ""structure"", ""memory_id"": """", ""target_structure_id"": ""st_000277"", ""depth_min"": 2, ""depth_max"": 2, ""delta_ev"": 0.47385813}, {""projection_kind"": ""memory"", ""memory_id"": ""em_000104"", ""target_structure_id"": ""st_000278"", ""depth_min"": 2, ""depth_max"": 2, ""delta_ev"": 0.30295847}]"
F06,no_er_reinduction,关闭根源ER重诱发,0.0,1.0,0,0.49,0.31,0.2,0.61,0.39,0.61,0.39,1,4,3,2,4,0,3,0,2,"{""1"": 5, ""2"": 6}",2,2,1.8,0.0,1.8,0.0,1.8,1.0,1.8,4,3,2,1,2,1,1,1,1,1,1,1,"[{""projection_kind"": ""structure"", ""memory_id"": """", ""target_structure_id"": ""st_000282"", ""depth_min"": 1, ""depth_max"": 1, ""delta_ev"": 0.49}, {""projection_kind"": ""structure"", ""memory_id"": """", ""target_structure_id"": ""st_000283"", ""depth_min"": 1, ""depth_max"": 1, ""delta_ev"": 0.31}, {""projection_kind"": ""memory"", ""memory_id"": ""em_000106"", ""target_structure_id"": ""st_000284"", ""depth_min"": 1, ""depth_max"": 1, ""delta_ev"": 0.2}, {""projection_kind"": ""structure"", ""memory_id"": """", ""target_structure_id"": ""st_000285"", ""depth_min"": 2, ""depth_max"": 2, ""delta_ev"": 0.2989}, {""projection_kind"": ""memory"", ""memory_id"": ""em_000107"", ""target_structure_id"": ""st_000286"", ""depth_min"": 2, ""depth_max"": 2, ""delta_ev"": 0.1911}, {""projection_kind"": ""structure"", ""memory_id"": """", ""target_structure_id"": ""st_000287"", ""depth_min"": 2, ""depth_max"": 2, ""delta_ev"": 0.1891}, {""projection_kind"": ""memory"", ""memory_id"": ""em_000108"", ""target_structure_id"": ""st_000288"", ""depth_min"": 2, ""depth_max"": 2, ""delta_ev"": 0.1209}]"
F07,deep_multilayer,多轮扩散,0.36,1.0,1,0.48,0.32,0.2,0.6,0.4,0.62,0.38,1,4,4,2,14,0,11,3,2,"{""1"": 23, ""2"": 18}",4,4,2.5178112,1.09575648,3.61356768,0.39214368,3.61356768,1.0,2.5178112,6,4,2,2,2,1,1,1,1,1,1,1,"[{""projection_kind"": ""structure"", ""memory_id"": """", ""target_structure_id"": ""st_000290"", ""depth_min"": 1, ""depth_max"": 1, ""delta_ev"": 0.48}, {""projection_kind"": ""structure"", ""memory_id"": """", ""target_structure_id"": ""st_000291"", ""depth_min"": 1, ""depth_max"": 1, ""delta_ev"": 0.32}, {""projection_kind"": ""memory"", ""memory_id"": ""em_000109"", ""target_structure_id"": ""st_000292"", ""depth_min"": 1, ""depth_max"": 1, ""delta_ev"": 0.2}, {""projection_kind"": ""structure"", ""memory_id"": """", ""target_structure_id"": ""st_000290"", ""depth_min"": 1, ""depth_max"": 1, ""delta_ev"": 0.52596311}, {""projection_kind"": ""structure"", ""memory_id"": """", ""target_structure_id"": ""st_000291"", ""depth_min"": 1, ""depth_max"": 1, ""delta_ev"": 0.35064207}, {""projection_kind"": ""memory"", ""memory_id"": ""em_000109"", ""target_structure_id"": ""st_000292"", ""depth_min"": 1, ""depth_max"": 1, ""delta_ev"": 0.2191513}, {""projection_kind"": ""structure"", ""memory_id"": """", ""target_structure_id"": ""st_000293"", ""depth_min"": 2, ""depth_max"": 2, ""delta_ev"": 0.54641203}, {""projection_kind"": ""memory"", ""memory_id"": ""em_000110"", ""target_structure_id"": ""st_000294"", ""depth_min"": 2, ""depth_max"": 2, ""delta_ev"": 0.36427469}, {""projection_kind"": ""structure"", ""memory_id"": """", ""target_structure_id"": ""st_000295"", ""depth_min"": 2, ""depth_max"": 2, ""delta_ev"": 0.37641718}, {""projection_kind"": ""memory"", ""memory_id"": ""em_000111"", ""target_structure_id"": ""st_000296"", ""depth_min"": 2, ""depth_max"": 2, ""delta_ev"": 0.2307073}]"
F07,single_round_cap,单轮截断,0.36,1.0,1,0.48,0.32,0.2,0.6,0.4,0.62,0.38,1,1,1,1,2,0,2,0,1,"{""1"": 8}",2,1,1.0,0.36,1.36,1.36,1.36,1.0,1.0,4,2,0,2,0,1,1,0,0,1,0,0,"[{""projection_kind"": ""structure"", ""memory_id"": """", ""target_structure_id"": ""st_000298"", ""depth_min"": 1, ""depth_max"": 1, ""delta_ev"": 0.48}, {""projection_kind"": ""structure"", ""memory_id"": """", ""target_structure_id"": ""st_000299"", ""depth_min"": 1, ""depth_max"": 1, ""delta_ev"": 0.32}, {""projection_kind"": ""memory"", ""memory_id"": ""em_000112"", ""target_structure_id"": ""st_000300"", ""depth_min"": 1, ""depth_max"": 1, ""delta_ev"": 0.2}, {""projection_kind"": ""structure"", ""memory_id"": """", ""target_structure_id"": ""st_000298"", ""depth_min"": 1, ""depth_max"": 1, ""delta_ev"": 0.1728}, {""projection_kind"": ""structure"", ""memory_id"": """", ""target_structure_id"": ""st_000299"", ""depth_min"": 1, ""depth_max"": 1, ""delta_ev"": 0.1152}, {""projection_kind"": ""memory"", ""memory_id"": ""em_000112"", ""target_structure_id"": ""st_000300"", ""depth_min"": 1, ""depth_max"": 1, ""delta_ev"": 0.072}]"
F07,high_frontier_threshold,前沿阈值剪枝,0.36,1.0,1,0.48,0.32,0.2,0.6,0.4,0.62,0.38,1,4,4,1,8,6,5,3,1,"{""1"": 23}",2,2,1.0,1.09575648,2.09575648,0.19849248,2.09575648,1.0,1.0,4,2,0,2,0,1,1,0,0,1,0,0,"[{""projection_kind"": ""structure"", ""memory_id"": """", ""target_structure_id"": ""st_000306"", ""depth_min"": 1, ""depth_max"": 1, ""delta_ev"": 0.48}, {""projection_kind"": ""structure"", ""memory_id"": """", ""target_structure_id"": ""st_000307"", ""depth_min"": 1, ""depth_max"": 1, ""delta_ev"": 0.32}, {""projection_kind"": ""memory"", ""memory_id"": ""em_000115"", ""target_structure_id"": ""st_000308"", ""depth_min"": 1, ""depth_max"": 1, ""delta_ev"": 0.2}, {""projection_kind"": ""structure"", ""memory_id"": """", ""target_structure_id"": ""st_000306"", ""depth_min"": 1, ""depth_max"": 1, ""delta_ev"": 0.52596311}, {""projection_kind"": ""structure"", ""memory_id"": """", ""target_structure_id"": ""st_000307"", ""depth_min"": 1, ""depth_max"": 1, ""delta_ev"": 0.35064207}, {""projection_kind"": ""memory"", ""memory_id"": ""em_000115"", ""target_structure_id"": ""st_000308"", ""depth_min"": 1, ""depth_max"": 1, ""delta_ev"": 0.2191513}]"
F07,high_budget_threshold,预算阈值剪枝,0.0,1.0,0,0.48,0.32,0.2,0.6,0.4,0.62,0.38,1,4,2,1,2,2,1,0,1,"{""1"": 5}",2,2,1.0,0.0,1.0,0.0,1.0,1.0,1.0,2,1,0,1,0,1,1,0,0,1,0,0,"[{""projection_kind"": ""structure"", ""memory_id"": """", ""target_structure_id"": ""st_000314"", ""depth_min"": 1, ""depth_max"": 1, ""delta_ev"": 0.48}, {""projection_kind"": ""structure"", ""memory_id"": """", ""target_structure_id"": ""st_000315"", ""depth_min"": 1, ""depth_max"": 1, ""delta_ev"": 0.32}, {""projection_kind"": ""memory"", ""memory_id"": ""em_000118"", ""target_structure_id"": ""st_000316"", ""depth_min"": 1, ""depth_max"": 1, ""delta_ev"": 0.2}]"
F07,width_cap_one,宽度上限,0.36,1.0,1,0.48,0.32,0.2,0.6,0.4,0.62,0.38,1,4,4,2,4,6,7,3,2,"{""1"": 18, ""2"": 5}",1,1,1.76899072,1.09575648,2.8647472,0.3146832,2.8647472,1.0,1.76899072,5,3,1,2,1,1,1,1,0,1,1,0,"[{""projection_kind"": ""structure"", ""memory_id"": """", ""target_structure_id"": ""st_000322"", ""depth_min"": 1, ""depth_max"": 1, ""delta_ev"": 0.48}, {""projection_kind"": ""structure"", ""memory_id"": """", ""target_structure_id"": ""st_000323"", ""depth_min"": 1, ""depth_max"": 1, ""delta_ev"": 0.32}, {""projection_kind"": ""memory"", ""memory_id"": ""em_000121"", ""target_structure_id"": ""st_000324"", ""depth_min"": 1, ""depth_max"": 1, ""delta_ev"": 0.2}, {""projection_kind"": ""structure"", ""memory_id"": """", ""target_structure_id"": ""st_000322"", ""depth_min"": 1, ""depth_max"": 1, ""delta_ev"": 0.52596311}, {""projection_kind"": ""structure"", ""memory_id"": """", ""target_structure_id"": ""st_000323"", ""depth_min"": 1, ""depth_max"": 1, ""delta_ev"": 0.35064207}, {""projection_kind"": ""memory"", ""memory_id"": ""em_000121"", ""target_structure_id"": ""st_000324"", ""depth_min"": 1, ""depth_max"": 1, ""delta_ev"": 0.2191513}, {""projection_kind"": ""structure"", ""memory_id"": """", ""target_structure_id"": ""st_000325"", ""depth_min"": 2, ""depth_max"": 2, ""delta_ev"": 0.46139443}, {""projection_kind"": ""memory"", ""memory_id"": ""em_000122"", ""target_structure_id"": ""st_000326"", ""depth_min"": 2, ""depth_max"": 2, ""delta_ev"": 0.30759629}]"
F07,no_er_reinduction,关闭根源ER重诱发,0.0,1.0,0,0.48,0.32,0.2,0.6,0.4,0.62,0.38,1,4,3,2,4,0,3,0,2,"{""1"": 5, ""2"": 6}",2,2,1.8,0.0,1.8,0.0,1.8,1.0,1.8,4,3,2,1,2,1,1,1,1,1,1,1,"[{""projection_kind"": ""structure"", ""memory_id"": """", ""target_structure_id"": ""st_000330"", ""depth_min"": 1, ""depth_max"": 1, ""delta_ev"": 0.48}, {""projection_kind"": ""structure"", ""memory_id"": """", ""target_structure_id"": ""st_000331"", ""depth_min"": 1, ""depth_max"": 1, ""delta_ev"": 0.32}, {""projection_kind"": ""memory"", ""memory_id"": ""em_000124"", ""target_structure_id"": ""st_000332"", ""depth_min"": 1, ""depth_max"": 1, ""delta_ev"": 0.2}, {""projection_kind"": ""structure"", ""memory_id"": """", ""target_structure_id"": ""st_000333"", ""depth_min"": 2, ""depth_max"": 2, ""delta_ev"": 0.288}, {""projection_kind"": ""memory"", ""memory_id"": ""em_000125"", ""target_structure_id"": ""st_000334"", ""depth_min"": 2, ""depth_max"": 2, ""delta_ev"": 0.192}, {""projection_kind"": ""structure"", ""memory_id"": """", ""target_structure_id"": ""st_000335"", ""depth_min"": 2, ""depth_max"": 2, ""delta_ev"": 0.1984}, {""projection_kind"": ""memory"", ""memory_id"": ""em_000126"", ""target_structure_id"": ""st_000336"", ""depth_min"": 2, ""depth_max"": 2, ""delta_ev"": 0.1216}]"
F08,deep_multilayer,多轮扩散,0.37,1.0,1,0.55,0.25,0.2,0.67,0.33,0.55,0.45,1,4,4,2,14,1,11,3,2,"{""1"": 23, ""2"": 18}",4,4,2.5377504,1.12619416,3.66394456,0.40303656,3.66394456,1.0,2.5377504,6,4,2,2,2,1,1,1,1,1,1,1,"[{""projection_kind"": ""structure"", ""memory_id"": """", ""target_structure_id"": ""st_000338"", ""depth_min"": 1, ""depth_max"": 1, ""delta_ev"": 0.55}, {""projection_kind"": ""structure"", ""memory_id"": """", ""target_structure_id"": ""st_000339"", ""depth_min"": 1, ""depth_max"": 1, ""delta_ev"": 0.25}, {""projection_kind"": ""memory"", ""memory_id"": ""em_000127"", ""target_structure_id"": ""st_000340"", ""depth_min"": 1, ""depth_max"": 1, ""delta_ev"": 0.2}, {""projection_kind"": ""structure"", ""memory_id"": """", ""target_structure_id"": ""st_000338"", ""depth_min"": 1, ""depth_max"": 1, ""delta_ev"": 0.61940679}, {""projection_kind"": ""structure"", ""memory_id"": """", ""target_structure_id"": ""st_000339"", ""depth_min"": 1, ""depth_max"": 1, ""delta_ev"": 0.28154854}, {""projection_kind"": ""memory"", ""memory_id"": ""em_000127"", ""target_structure_id"": ""st_000340"", ""depth_min"": 1, ""depth_max"": 1, ""delta_ev"": 0.22523883}, {""projection_kind"": ""structure"", ""memory_id"": """", ""target_structure_id"": ""st_000341"", ""depth_min"": 2, ""depth_max"": 2, ""delta_ev"": 0.70832628}, {""projection_kind"": ""memory"", ""memory_id"": ""em_000128"", ""target_structure_id"": ""st_000342"", ""depth_min"": 2, ""depth_max"": 2, ""delta_ev"": 0.34887712}, {""projection_kind"": ""structure"", ""memory_id"": """", ""target_structure_id"": ""st_000343"", ""depth_min"": 2, ""depth_max"": 2, ""delta_ev"": 0.26430085}, {""projection_kind"": ""memory"", ""memory_id"": ""em_000129"", ""target_structure_id"": ""st_000344"", ""depth_min"": 2, ""depth_max"": 2, ""delta_ev"": 0.21624615}]"
F08,single_round_cap,单轮截断,0.37,1.0,1,0.55,0.25,0.2,0.67,0.33,0.55,0.45,1,1,1,1,2,0,2,0,1,"{""1"": 8}",2,1,1.0,0.37,1.37,1.37,1.37,1.0,1.0,4,2,0,2,0,1,1,0,0,1,0,0,"[{""projection_kind"": ""structure"", ""memory_id"": """", ""target_structure_id"": ""st_000346"", ""depth_min"": 1, ""depth_max"": 1, ""delta_ev"": 0.55}, {""projection_kind"": ""structure"", ""memory_id"": """", ""target_structure_id"": ""st_000347"", ""depth_min"": 1, ""depth_max"": 1, ""delta_ev"": 0.25}, {""projection_kind"": ""memory"", ""memory_id"": ""em_000130"", ""target_structure_id"": ""st_000348"", ""depth_min"": 1, ""depth_max"": 1, ""delta_ev"": 0.2}, {""projection_kind"": ""structure"", ""memory_id"": """", ""target_structure_id"": ""st_000346"", ""depth_min"": 1, ""depth_max"": 1, ""delta_ev"": 0.2035}, {""projection_kind"": ""structure"", ""memory_id"": """", ""target_structure_id"": ""st_000347"", ""depth_min"": 1, ""depth_max"": 1, ""delta_ev"": 0.0925}, {""projection_kind"": ""memory"", ""memory_id"": ""em_000130"", ""target_structure_id"": ""st_000348"", ""depth_min"": 1, ""depth_max"": 1, ""delta_ev"": 0.074}]"
F08,high_frontier_threshold,前沿阈值剪枝,0.37,1.0,1,0.55,0.25,0.2,0.67,0.33,0.55,0.45,1,4,4,1,8,6,5,3,1,"{""1"": 23}",2,2,1.0,1.12619416,2.12619416,0.20400616,2.12619416,1.0,1.0,4,2,0,2,0,1,1,0,0,1,0,0,"[{""projection_kind"": ""structure"", ""memory_id"": """", ""target_structure_id"": ""st_000354"", ""depth_min"": 1, ""depth_max"": 1, ""delta_ev"": 0.55}, {""projection_kind"": ""structure"", ""memory_id"": """", ""target_structure_id"": ""st_000355"", ""depth_min"": 1, ""depth_max"": 1, ""delta_ev"": 0.25}, {""projection_kind"": ""memory"", ""memory_id"": ""em_000133"", ""target_structure_id"": ""st_000356"", ""depth_min"": 1, ""depth_max"": 1, ""delta_ev"": 0.2}, {""projection_kind"": ""structure"", ""memory_id"": """", ""target_structure_id"": ""st_000354"", ""depth_min"": 1, ""depth_max"": 1, ""delta_ev"": 0.61940679}, {""projection_kind"": ""structure"", ""memory_id"": """", ""target_structure_id"": ""st_000355"", ""depth_min"": 1, ""depth_max"": 1, ""delta_ev"": 0.28154854}, {""projection_kind"": ""memory"", ""memory_id"": ""em_000133"", ""target_structure_id"": ""st_000356"", ""depth_min"": 1, ""depth_max"": 1, ""delta_ev"": 0.22523883}]"
F08,high_budget_threshold,预算阈值剪枝,0.0,1.0,0,0.55,0.25,0.2,0.67,0.33,0.55,0.45,1,4,2,1,2,2,1,0,1,"{""1"": 5}",2,2,1.0,0.0,1.0,0.0,1.0,1.0,1.0,2,1,0,1,0,1,1,0,0,1,0,0,"[{""projection_kind"": ""structure"", ""memory_id"": """", ""target_structure_id"": ""st_000362"", ""depth_min"": 1, ""depth_max"": 1, ""delta_ev"": 0.55}, {""projection_kind"": ""structure"", ""memory_id"": """", ""target_structure_id"": ""st_000363"", ""depth_min"": 1, ""depth_max"": 1, ""delta_ev"": 0.25}, {""projection_kind"": ""memory"", ""memory_id"": ""em_000136"", ""target_structure_id"": ""st_000364"", ""depth_min"": 1, ""depth_max"": 1, ""delta_ev"": 0.2}]"
F08,width_cap_one,宽度上限,0.37,1.0,1,0.55,0.25,0.2,0.67,0.33,0.55,0.45,1,4,4,2,4,6,7,3,2,"{""1"": 18, ""2"": 5}",1,1,1.8903334,1.12619416,3.01652756,0.34083956,3.01652756,1.0,1.8903334,5,3,1,2,1,1,1,1,0,1,1,0,"[{""projection_kind"": ""structure"", ""memory_id"": """", ""target_structure_id"": ""st_000370"", ""depth_min"": 1, ""depth_max"": 1, ""delta_ev"": 0.55}, {""projection_kind"": ""structure"", ""memory_id"": """", ""target_structure_id"": ""st_000371"", ""depth_min"": 1, ""depth_max"": 1, ""delta_ev"": 0.25}, {""projection_kind"": ""memory"", ""memory_id"": ""em_000139"", ""target_structure_id"": ""st_000372"", ""depth_min"": 1, ""depth_max"": 1, ""delta_ev"": 0.2}, {""projection_kind"": ""structure"", ""memory_id"": """", ""target_structure_id"": ""st_000370"", ""depth_min"": 1, ""depth_max"": 1, ""delta_ev"": 0.61940679}, {""projection_kind"": ""structure"", ""memory_id"": """", ""target_structure_id"": ""st_000371"", ""depth_min"": 1, ""depth_max"": 1, ""delta_ev"": 0.28154854}, {""projection_kind"": ""memory"", ""memory_id"": ""em_000139"", ""target_structure_id"": ""st_000372"", ""depth_min"": 1, ""depth_max"": 1, ""delta_ev"": 0.22523883}, {""projection_kind"": ""structure"", ""memory_id"": """", ""target_structure_id"": ""st_000373"", ""depth_min"": 2, ""depth_max"": 2, ""delta_ev"": 0.59652338}, {""projection_kind"": ""memory"", ""memory_id"": ""em_000140"", ""target_structure_id"": ""st_000374"", ""depth_min"": 2, ""depth_max"": 2, ""delta_ev"": 0.29381002}]"
F08,no_er_reinduction,关闭根源ER重诱发,0.0,1.0,0,0.55,0.25,0.2,0.67,0.33,0.55,0.45,1,4,3,2,4,0,3,0,2,"{""1"": 5, ""2"": 6}",2,2,1.8,0.0,1.8,0.0,1.8,1.0,1.8,4,3,2,1,2,1,1,1,1,1,1,1,"[{""projection_kind"": ""structure"", ""memory_id"": """", ""target_structure_id"": ""st_000378"", ""depth_min"": 1, ""depth_max"": 1, ""delta_ev"": 0.55}, {""projection_kind"": ""structure"", ""memory_id"": """", ""target_structure_id"": ""st_000379"", ""depth_min"": 1, ""depth_max"": 1, ""delta_ev"": 0.25}, {""projection_kind"": ""memory"", ""memory_id"": ""em_000142"", ""target_structure_id"": ""st_000380"", ""depth_min"": 1, ""depth_max"": 1, ""delta_ev"": 0.2}, {""projection_kind"": ""structure"", ""memory_id"": """", ""target_structure_id"": ""st_000381"", ""depth_min"": 2, ""depth_max"": 2, ""delta_ev"": 0.3685}, {""projection_kind"": ""memory"", ""memory_id"": ""em_000143"", ""target_structure_id"": ""st_000382"", ""depth_min"": 2, ""depth_max"": 2, ""delta_ev"": 0.1815}, {""projection_kind"": ""structure"", ""memory_id"": """", ""target_structure_id"": ""st_000383"", ""depth_min"": 2, ""depth_max"": 2, ""delta_ev"": 0.1375}, {""projection_kind"": ""memory"", ""memory_id"": ""em_000144"", ""target_structure_id"": ""st_000384"", ""depth_min"": 2, ""depth_max"": 2, ""delta_ev"": 0.1125}]"
F09,deep_multilayer,多轮扩散,0.3,1.02,1,0.52,0.3,0.18,0.64,0.36,0.58,0.42,1,4,4,2,14,1,11,3,2,"{""1"": 23, ""2"": 18}",4,4,2.4695304,0.9131304,3.3826608,0.3308208,3.3826608,1.02,2.4695304,6,4,2,2,2,1,1,1,1,1,1,1,"[{""projection_kind"": ""structure"", ""memory_id"": """", ""target_structure_id"": ""st_000386"", ""depth_min"": 1, ""depth_max"": 1, ""delta_ev"": 0.5304}, {""projection_kind"": ""structure"", ""memory_id"": """", ""target_structure_id"": ""st_000387"", ""depth_min"": 1, ""depth_max"": 1, ""delta_ev"": 0.306}, {""projection_kind"": ""memory"", ""memory_id"": ""em_000145"", ""target_structure_id"": ""st_000388"", ""depth_min"": 1, ""depth_max"": 1, ""delta_ev"": 0.1836}, {""projection_kind"": ""structure"", ""memory_id"": """", ""target_structure_id"": ""st_000386"", ""depth_min"": 1, ""depth_max"": 1, ""delta_ev"": 0.47482781}, {""projection_kind"": ""structure"", ""memory_id"": """", ""target_structure_id"": ""st_000387"", ""depth_min"": 1, ""depth_max"": 1, ""delta_ev"": 0.27393912}, {""projection_kind"": ""memory"", ""memory_id"": ""em_000145"", ""target_structure_id"": ""st_000388"", ""depth_min"": 1, ""depth_max"": 1, ""delta_ev"": 0.16436347}, {""projection_kind"": ""structure"", ""memory_id"": """", ""target_structure_id"": ""st_000389"", ""depth_min"": 2, ""depth_max"": 2, ""delta_ev"": 0.58829722}, {""projection_kind"": ""memory"", ""memory_id"": ""em_000146"", ""target_structure_id"": ""st_000390"", ""depth_min"": 2, ""depth_max"": 2, ""delta_ev"": 0.33091718}, {""projection_kind"": ""structure"", ""memory_id"": """", ""target_structure_id"": ""st_000391"", ""depth_min"": 2, ""depth_max"": 2, ""delta_ev"": 0.30758328}, {""projection_kind"": ""memory"", ""memory_id"": ""em_000147"", ""target_structure_id"": ""st_000392"", ""depth_min"": 2, ""depth_max"": 2, ""delta_ev"": 0.22273272}]"
F09,single_round_cap,单轮截断,0.3,1.02,1,0.52,0.3,0.18,0.64,0.36,0.58,0.42,1,1,1,1,2,0,2,0,1,"{""1"": 8}",2,1,1.02,0.3,1.32,1.32,1.32,1.02,1.02,4,2,0,2,0,1,1,0,0,1,0,0,"[{""projection_kind"": ""structure"", ""memory_id"": """", ""target_structure_id"": ""st_000394"", ""depth_min"": 1, ""depth_max"": 1, ""delta_ev"": 0.5304}, {""projection_kind"": ""structure"", ""memory_id"": """", ""target_structure_id"": ""st_000395"", ""depth_min"": 1, ""depth_max"": 1, ""delta_ev"": 0.306}, {""projection_kind"": ""memory"", ""memory_id"": ""em_000148"", ""target_structure_id"": ""st_000396"", ""depth_min"": 1, ""depth_max"": 1, ""delta_ev"": 0.1836}, {""projection_kind"": ""structure"", ""memory_id"": """", ""target_structure_id"": ""st_000394"", ""depth_min"": 1, ""depth_max"": 1, ""delta_ev"": 0.156}, {""projection_kind"": ""structure"", ""memory_id"": """", ""target_structure_id"": ""st_000395"", ""depth_min"": 1, ""depth_max"": 1, ""delta_ev"": 0.09}, {""projection_kind"": ""memory"", ""memory_id"": ""em_000148"", ""target_structure_id"": ""st_000396"", ""depth_min"": 1, ""depth_max"": 1, ""delta_ev"": 0.054}]"
F09,high_frontier_threshold,前沿阈值剪枝,0.3,1.02,1,0.52,0.3,0.18,0.64,0.36,0.58,0.42,1,4,4,1,8,6,5,3,1,"{""1"": 23}",2,2,1.02,0.9131304,1.9331304,0.1654104,1.9331304,1.02,1.02,4,2,0,2,0,1,1,0,0,1,0,0,"[{""projection_kind"": ""structure"", ""memory_id"": """", ""target_structure_id"": ""st_000402"", ""depth_min"": 1, ""depth_max"": 1, ""delta_ev"": 0.5304}, {""projection_kind"": ""structure"", ""memory_id"": """", ""target_structure_id"": ""st_000403"", ""depth_min"": 1, ""depth_max"": 1, ""delta_ev"": 0.306}, {""projection_kind"": ""memory"", ""memory_id"": ""em_000151"", ""target_structure_id"": ""st_000404"", ""depth_min"": 1, ""depth_max"": 1, ""delta_ev"": 0.1836}, {""projection_kind"": ""structure"", ""memory_id"": """", ""target_structure_id"": ""st_000402"", ""depth_min"": 1, ""depth_max"": 1, ""delta_ev"": 0.47482781}, {""projection_kind"": ""structure"", ""memory_id"": """", ""target_structure_id"": ""st_000403"", ""depth_min"": 1, ""depth_max"": 1, ""delta_ev"": 0.27393912}, {""projection_kind"": ""memory"", ""memory_id"": ""em_000151"", ""target_structure_id"": ""st_000404"", ""depth_min"": 1, ""depth_max"": 1, ""delta_ev"": 0.16436347}]"
F09,high_budget_threshold,预算阈值剪枝,0.0,1.02,0,0.52,0.3,0.18,0.64,0.36,0.58,0.42,1,4,2,1,2,2,1,0,1,"{""1"": 5}",2,2,1.02,0.0,1.02,0.0,1.02,1.02,1.02,2,1,0,1,0,1,1,0,0,1,0,0,"[{""projection_kind"": ""structure"", ""memory_id"": """", ""target_structure_id"": ""st_000410"", ""depth_min"": 1, ""depth_max"": 1, ""delta_ev"": 0.5304}, {""projection_kind"": ""structure"", ""memory_id"": """", ""target_structure_id"": ""st_000411"", ""depth_min"": 1, ""depth_max"": 1, ""delta_ev"": 0.306}, {""projection_kind"": ""memory"", ""memory_id"": ""em_000154"", ""target_structure_id"": ""st_000412"", ""depth_min"": 1, ""depth_max"": 1, ""delta_ev"": 0.1836}]"
F09,width_cap_one,宽度上限,0.3,1.02,1,0.52,0.3,0.18,0.64,0.36,0.58,0.42,1,4,4,2,4,6,7,3,2,"{""1"": 18, ""2"": 5}",1,1,1.8112944,0.9131304,2.7244248,0.2703048,2.7244248,1.02,1.8112944,5,3,1,2,1,1,1,1,0,1,1,0,"[{""projection_kind"": ""structure"", ""memory_id"": """", ""target_structure_id"": ""st_000418"", ""depth_min"": 1, ""depth_max"": 1, ""delta_ev"": 0.5304}, {""projection_kind"": ""structure"", ""memory_id"": """", ""target_structure_id"": ""st_000419"", ""depth_min"": 1, ""depth_max"": 1, ""delta_ev"": 0.306}, {""projection_kind"": ""memory"", ""memory_id"": ""em_000157"", ""target_structure_id"": ""st_000420"", ""depth_min"": 1, ""depth_max"": 1, ""delta_ev"": 0.1836}, {""projection_kind"": ""structure"", ""memory_id"": """", ""target_structure_id"": ""st_000418"", ""depth_min"": 1, ""depth_max"": 1, ""delta_ev"": 0.47482781}, {""projection_kind"": ""structure"", ""memory_id"": """", ""target_structure_id"": ""st_000419"", ""depth_min"": 1, ""depth_max"": 1, ""delta_ev"": 0.27393912}, {""projection_kind"": ""memory"", ""memory_id"": ""em_000157"", ""target_structure_id"": ""st_000420"", ""depth_min"": 1, ""depth_max"": 1, ""delta_ev"": 0.16436347}, {""projection_kind"": ""structure"", ""memory_id"": """", ""target_structure_id"": ""st_000421"", ""depth_min"": 2, ""depth_max"": 2, ""delta_ev"": 0.50642842}, {""projection_kind"": ""memory"", ""memory_id"": ""em_000158"", ""target_structure_id"": ""st_000422"", ""depth_min"": 2, ""depth_max"": 2, ""delta_ev"": 0.28486598}]"
F09,no_er_reinduction,关闭根源ER重诱发,0.0,1.02,0,0.52,0.3,0.18,0.64,0.36,0.58,0.42,1,4,3,2,4,0,3,0,2,"{""1"": 5, ""2"": 6}",2,2,1.8564,0.0,1.8564,0.0,1.8564,1.02,1.8564,4,3,2,1,2,1,1,1,1,1,1,1,"[{""projection_kind"": ""structure"", ""memory_id"": """", ""target_structure_id"": ""st_000426"", ""depth_min"": 1, ""depth_max"": 1, ""delta_ev"": 0.5304}, {""projection_kind"": ""structure"", ""memory_id"": """", ""target_structure_id"": ""st_000427"", ""depth_min"": 1, ""depth_max"": 1, ""delta_ev"": 0.306}, {""projection_kind"": ""memory"", ""memory_id"": ""em_000160"", ""target_structure_id"": ""st_000428"", ""depth_min"": 1, ""depth_max"": 1, ""delta_ev"": 0.1836}, {""projection_kind"": ""structure"", ""memory_id"": """", ""target_structure_id"": ""st_000429"", ""depth_min"": 2, ""depth_max"": 2, ""delta_ev"": 0.339456}, {""projection_kind"": ""memory"", ""memory_id"": ""em_000161"", ""target_structure_id"": ""st_000430"", ""depth_min"": 2, ""depth_max"": 2, ""delta_ev"": 0.190944}, {""projection_kind"": ""structure"", ""memory_id"": """", ""target_structure_id"": ""st_000431"", ""depth_min"": 2, ""depth_max"": 2, ""delta_ev"": 0.17748}, {""projection_kind"": ""memory"", ""memory_id"": ""em_000162"", ""target_structure_id"": ""st_000432"", ""depth_min"": 2, ""depth_max"": 2, ""delta_ev"": 0.12852}]"
F10,deep_multilayer,多轮扩散,0.32,1.02,1,0.5,0.32,0.18,0.62,0.38,0.6,0.4,1,4,4,2,14,0,11,3,2,"{""1"": 23, ""2"": 18}",4,4,2.51040576,0.97400576,3.48441152,0.35287552,3.48441152,1.02,2.51040576,6,4,2,2,2,1,1,1,1,1,1,1,"[{""projection_kind"": ""structure"", ""memory_id"": """", ""target_structure_id"": ""st_000434"", ""depth_min"": 1, ""depth_max"": 1, ""delta_ev"": 0.51}, {""projection_kind"": ""structure"", ""memory_id"": """", ""target_structure_id"": ""st_000435"", ""depth_min"": 1, ""depth_max"": 1, ""delta_ev"": 0.3264}, {""projection_kind"": ""memory"", ""memory_id"": ""em_000163"", ""target_structure_id"": ""st_000436"", ""depth_min"": 1, ""depth_max"": 1, ""delta_ev"": 0.1836}, {""projection_kind"": ""structure"", ""memory_id"": """", ""target_structure_id"": ""st_000434"", ""depth_min"": 1, ""depth_max"": 1, ""delta_ev"": 0.48700288}, {""projection_kind"": ""structure"", ""memory_id"": """", ""target_structure_id"": ""st_000435"", ""depth_min"": 1, ""depth_max"": 1, ""delta_ev"": 0.31168184}, {""projection_kind"": ""memory"", ""memory_id"": ""em_000163"", ""target_structure_id"": ""st_000436"", ""depth_min"": 1, ""depth_max"": 1, ""delta_ev"": 0.17532104}, {""projection_kind"": ""structure"", ""memory_id"": """", ""target_structure_id"": ""st_000437"", ""depth_min"": 2, ""depth_max"": 2, ""delta_ev"": 0.56344608}, {""projection_kind"": ""memory"", ""memory_id"": ""em_000164"", ""target_structure_id"": ""st_000438"", ""depth_min"": 2, ""depth_max"": 2, ""delta_ev"": 0.34533792}, {""projection_kind"": ""structure"", ""memory_id"": """", ""target_structure_id"": ""st_000439"", ""depth_min"": 2, ""depth_max"": 2, ""delta_ev"": 0.34897306}, {""projection_kind"": ""memory"", ""memory_id"": ""em_000165"", ""target_structure_id"": ""st_000440"", ""depth_min"": 2, ""depth_max"": 2, ""delta_ev"": 0.2326487}]"
F10,single_round_cap,单轮截断,0.32,1.02,1,0.5,0.32,0.18,0.62,0.38,0.6,0.4,1,1,1,1,2,0,2,0,1,"{""1"": 8}",2,1,1.02,0.32,1.34,1.34,1.34,1.02,1.02,4,2,0,2,0,1,1,0,0,1,0,0,"[{""projection_kind"": ""structure"", ""memory_id"": """", ""target_structure_id"": ""st_000442"", ""depth_min"": 1, ""depth_max"": 1, ""delta_ev"": 0.51}, {""projection_kind"": ""structure"", ""memory_id"": """", ""target_structure_id"": ""st_000443"", ""depth_min"": 1, ""depth_max"": 1, ""delta_ev"": 0.3264}, {""projection_kind"": ""memory"", ""memory_id"": ""em_000166"", ""target_structure_id"": ""st_000444"", ""depth_min"": 1, ""depth_max"": 1, ""delta_ev"": 0.1836}, {""projection_kind"": ""structure"", ""memory_id"": """", ""target_structure_id"": ""st_000442"", ""depth_min"": 1, ""depth_max"": 1, ""delta_ev"": 0.16}, {""projection_kind"": ""structure"", ""memory_id"": """", ""target_structure_id"": ""st_000443"", ""depth_min"": 1, ""depth_max"": 1, ""delta_ev"": 0.1024}, {""projection_kind"": ""memory"", ""memory_id"": ""em_000166"", ""target_structure_id"": ""st_000444"", ""depth_min"": 1, ""depth_max"": 1, ""delta_ev"": 0.0576}]"
F10,high_frontier_threshold,前沿阈值剪枝,0.32,1.02,1,0.5,0.32,0.18,0.62,0.38,0.6,0.4,1,4,4,1,8,6,5,3,1,"{""1"": 23}",2,2,1.02,0.97400576,1.99400576,0.17643776,1.99400576,1.02,1.02,4,2,0,2,0,1,1,0,0,1,0,0,"[{""projection_kind"": ""structure"", ""memory_id"": """", ""target_structure_id"": ""st_000450"", ""depth_min"": 1, ""depth_max"": 1, ""delta_ev"": 0.51}, {""projection_kind"": ""structure"", ""memory_id"": """", ""target_structure_id"": ""st_000451"", ""depth_min"": 1, ""depth_max"": 1, ""delta_ev"": 0.3264}, {""projection_kind"": ""memory"", ""memory_id"": ""em_000169"", ""target_structure_id"": ""st_000452"", ""depth_min"": 1, ""depth_max"": 1, ""delta_ev"": 0.1836}, {""projection_kind"": ""structure"", ""memory_id"": """", ""target_structure_id"": ""st_000450"", ""depth_min"": 1, ""depth_max"": 1, ""delta_ev"": 0.48700288}, {""projection_kind"": ""structure"", ""memory_id"": """", ""target_structure_id"": ""st_000451"", ""depth_min"": 1, ""depth_max"": 1, ""delta_ev"": 0.31168184}, {""projection_kind"": ""memory"", ""memory_id"": ""em_000169"", ""target_structure_id"": ""st_000452"", ""depth_min"": 1, ""depth_max"": 1, ""delta_ev"": 0.17532104}]"
F10,high_budget_threshold,预算阈值剪枝,0.0,1.02,0,0.5,0.32,0.18,0.62,0.38,0.6,0.4,1,4,2,1,2,2,1,0,1,"{""1"": 5}",2,2,1.02,0.0,1.02,0.0,1.02,1.02,1.02,2,1,0,1,0,1,1,0,0,1,0,0,"[{""projection_kind"": ""structure"", ""memory_id"": """", ""target_structure_id"": ""st_000458"", ""depth_min"": 1, ""depth_max"": 1, ""delta_ev"": 0.51}, {""projection_kind"": ""structure"", ""memory_id"": """", ""target_structure_id"": ""st_000459"", ""depth_min"": 1, ""depth_max"": 1, ""delta_ev"": 0.3264}, {""projection_kind"": ""memory"", ""memory_id"": ""em_000172"", ""target_structure_id"": ""st_000460"", ""depth_min"": 1, ""depth_max"": 1, ""delta_ev"": 0.1836}]"
F10,width_cap_one,宽度上限,0.32,1.02,1,0.5,0.32,0.18,0.62,0.38,0.6,0.4,1,4,4,2,4,6,7,3,2,"{""1"": 18, ""2"": 5}",1,1,1.797584,0.97400576,2.77158976,0.28402176,2.77158976,1.02,1.797584,5,3,1,2,1,1,1,1,0,1,1,0,"[{""projection_kind"": ""structure"", ""memory_id"": """", ""target_structure_id"": ""st_000466"", ""depth_min"": 1, ""depth_max"": 1, ""delta_ev"": 0.51}, {""projection_kind"": ""structure"", ""memory_id"": """", ""target_structure_id"": ""st_000467"", ""depth_min"": 1, ""depth_max"": 1, ""delta_ev"": 0.3264}, {""projection_kind"": ""memory"", ""memory_id"": ""em_000175"", ""target_structure_id"": ""st_000468"", ""depth_min"": 1, ""depth_max"": 1, ""delta_ev"": 0.1836}, {""projection_kind"": ""structure"", ""memory_id"": """", ""target_structure_id"": ""st_000466"", ""depth_min"": 1, ""depth_max"": 1, ""delta_ev"": 0.48700288}, {""projection_kind"": ""structure"", ""memory_id"": """", ""target_structure_id"": ""st_000467"", ""depth_min"": 1, ""depth_max"": 1, ""delta_ev"": 0.31168184}, {""projection_kind"": ""memory"", ""memory_id"": ""em_000175"", ""target_structure_id"": ""st_000468"", ""depth_min"": 1, ""depth_max"": 1, ""delta_ev"": 0.17532104}, {""projection_kind"": ""structure"", ""memory_id"": """", ""target_structure_id"": ""st_000469"", ""depth_min"": 2, ""depth_max"": 2, ""delta_ev"": 0.48210208}, {""projection_kind"": ""memory"", ""memory_id"": ""em_000176"", ""target_structure_id"": ""st_000470"", ""depth_min"": 2, ""depth_max"": 2, ""delta_ev"": 0.29548192}]"
F10,no_er_reinduction,关闭根源ER重诱发,0.0,1.02,0,0.5,0.32,0.18,0.62,0.38,0.6,0.4,1,4,3,2,4,0,3,0,2,"{""1"": 5, ""2"": 6}",2,2,1.8564,0.0,1.8564,0.0,1.8564,1.02,1.8564,4,3,2,1,2,1,1,1,1,1,1,1,"[{""projection_kind"": ""structure"", ""memory_id"": """", ""target_structure_id"": ""st_000474"", ""depth_min"": 1, ""depth_max"": 1, ""delta_ev"": 0.51}, {""projection_kind"": ""structure"", ""memory_id"": """", ""target_structure_id"": ""st_000475"", ""depth_min"": 1, ""depth_max"": 1, ""delta_ev"": 0.3264}, {""projection_kind"": ""memory"", ""memory_id"": ""em_000178"", ""target_structure_id"": ""st_000476"", ""depth_min"": 1, ""depth_max"": 1, ""delta_ev"": 0.1836}, {""projection_kind"": ""structure"", ""memory_id"": """", ""target_structure_id"": ""st_000477"", ""depth_min"": 2, ""depth_max"": 2, ""delta_ev"": 0.3162}, {""projection_kind"": ""memory"", ""memory_id"": ""em_000179"", ""target_structure_id"": ""st_000478"", ""depth_min"": 2, ""depth_max"": 2, ""delta_ev"": 0.1938}, {""projection_kind"": ""structure"", ""memory_id"": """", ""target_structure_id"": ""st_000479"", ""depth_min"": 2, ""depth_max"": 2, ""delta_ev"": 0.19584}, {""projection_kind"": ""memory"", ""memory_id"": ""em_000180"", ""target_structure_id"": ""st_000480"", ""depth_min"": 2, ""depth_max"": 2, ""delta_ev"": 0.13056}]"
F11,deep_multilayer,多轮扩散,0.34,1.02,1,0.54,0.28,0.18,0.66,0.34,0.56,0.44,1,4,4,2,14,1,11,3,2,"{""1"": 23, ""2"": 18}",4,4,2.55128112,1.03488112,3.58616223,0.37493023,3.58616223,1.02,2.55128112,6,4,2,2,2,1,1,1,1,1,1,1,"[{""projection_kind"": ""structure"", ""memory_id"": """", ""target_structure_id"": ""st_000482"", ""depth_min"": 1, ""depth_max"": 1, ""delta_ev"": 0.5508}, {""projection_kind"": ""structure"", ""memory_id"": """", ""target_structure_id"": ""st_000483"", ""depth_min"": 1, ""depth_max"": 1, ""delta_ev"": 0.2856}, {""projection_kind"": ""memory"", ""memory_id"": ""em_000181"", ""target_structure_id"": ""st_000484"", ""depth_min"": 1, ""depth_max"": 1, ""delta_ev"": 0.1836}, {""projection_kind"": ""structure"", ""memory_id"": """", ""target_structure_id"": ""st_000482"", ""depth_min"": 1, ""depth_max"": 1, ""delta_ev"": 0.5588358}, {""projection_kind"": ""structure"", ""memory_id"": """", ""target_structure_id"": ""st_000483"", ""depth_min"": 1, ""depth_max"": 1, ""delta_ev"": 0.28976671}, {""projection_kind"": ""memory"", ""memory_id"": ""em_000181"", ""target_structure_id"": ""st_000484"", ""depth_min"": 1, ""depth_max"": 1, ""delta_ev"": 0.1862786}, {""projection_kind"": ""structure"", ""memory_id"": """", ""target_structure_id"": ""st_000485"", ""depth_min"": 2, ""depth_max"": 2, ""delta_ev"": 0.66554706}, {""projection_kind"": ""memory"", ""memory_id"": ""em_000182"", ""target_structure_id"": ""st_000486"", ""depth_min"": 2, ""depth_max"": 2, ""delta_ev"": 0.34285758}, {""projection_kind"": ""structure"", ""memory_id"": """", ""target_structure_id"": ""st_000487"", ""depth_min"": 2, ""depth_max"": 2, ""delta_ev"": 0.29281083}, {""projection_kind"": ""memory"", ""memory_id"": ""em_000183"", ""target_structure_id"": ""st_000488"", ""depth_min"": 2, ""depth_max"": 2, ""delta_ev"": 0.23006565}]"
F11,single_round_cap,单轮截断,0.34,1.02,1,0.54,0.28,0.18,0.66,0.34,0.56,0.44,1,1,1,1,2,0,2,0,1,"{""1"": 8}",2,1,1.02,0.34,1.36,1.36,1.36,1.02,1.02,4,2,0,2,0,1,1,0,0,1,0,0,"[{""projection_kind"": ""structure"", ""memory_id"": """", ""target_structure_id"": ""st_000490"", ""depth_min"": 1, ""depth_max"": 1, ""delta_ev"": 0.5508}, {""projection_kind"": ""structure"", ""memory_id"": """", ""target_structure_id"": ""st_000491"", ""depth_min"": 1, ""depth_max"": 1, ""delta_ev"": 0.2856}, {""projection_kind"": ""memory"", ""memory_id"": ""em_000184"", ""target_structure_id"": ""st_000492"", ""depth_min"": 1, ""depth_max"": 1, ""delta_ev"": 0.1836}, {""projection_kind"": ""structure"", ""memory_id"": """", ""target_structure_id"": ""st_000490"", ""depth_min"": 1, ""depth_max"": 1, ""delta_ev"": 0.1836}, {""projection_kind"": ""structure"", ""memory_id"": """", ""target_structure_id"": ""st_000491"", ""depth_min"": 1, ""depth_max"": 1, ""delta_ev"": 0.0952}, {""projection_kind"": ""memory"", ""memory_id"": ""em_000184"", ""target_structure_id"": ""st_000492"", ""depth_min"": 1, ""depth_max"": 1, ""delta_ev"": 0.0612}]"
F11,high_frontier_threshold,前沿阈值剪枝,0.34,1.02,1,0.54,0.28,0.18,0.66,0.34,0.56,0.44,1,4,4,1,8,6,5,3,1,"{""1"": 23}",2,2,1.02,1.03488112,2.05488111,0.18746511,2.05488111,1.02,1.02,4,2,0,2,0,1,1,0,0,1,0,0,"[{""projection_kind"": ""structure"", ""memory_id"": """", ""target_structure_id"": ""st_000498"", ""depth_min"": 1, ""depth_max"": 1, ""delta_ev"": 0.5508}, {""projection_kind"": ""structure"", ""memory_id"": """", ""target_structure_id"": ""st_000499"", ""depth_min"": 1, ""depth_max"": 1, ""delta_ev"": 0.2856}, {""projection_kind"": ""memory"", ""memory_id"": ""em_000187"", ""target_structure_id"": ""st_000500"", ""depth_min"": 1, ""depth_max"": 1, ""delta_ev"": 0.1836}, {""projection_kind"": ""structure"", ""memory_id"": """", ""target_structure_id"": ""st_000498"", ""depth_min"": 1, ""depth_max"": 1, ""delta_ev"": 0.5588358}, {""projection_kind"": ""structure"", ""memory_id"": """", ""target_structure_id"": ""st_000499"", ""depth_min"": 1, ""depth_max"": 1, ""delta_ev"": 0.28976671}, {""projection_kind"": ""memory"", ""memory_id"": ""em_000187"", ""target_structure_id"": ""st_000500"", ""depth_min"": 1, ""depth_max"": 1, ""delta_ev"": 0.1862786}]"
F11,high_budget_threshold,预算阈值剪枝,0.0,1.02,0,0.54,0.28,0.18,0.66,0.34,0.56,0.44,1,4,2,1,2,2,1,0,1,"{""1"": 5}",2,2,1.02,0.0,1.02,0.0,1.02,1.02,1.02,2,1,0,1,0,1,1,0,0,1,0,0,"[{""projection_kind"": ""structure"", ""memory_id"": """", ""target_structure_id"": ""st_000506"", ""depth_min"": 1, ""depth_max"": 1, ""delta_ev"": 0.5508}, {""projection_kind"": ""structure"", ""memory_id"": """", ""target_structure_id"": ""st_000507"", ""depth_min"": 1, ""depth_max"": 1, ""delta_ev"": 0.2856}, {""projection_kind"": ""memory"", ""memory_id"": ""em_000190"", ""target_structure_id"": ""st_000508"", ""depth_min"": 1, ""depth_max"": 1, ""delta_ev"": 0.1836}]"
F11,width_cap_one,宽度上限,0.34,1.02,1,0.54,0.28,0.18,0.66,0.34,0.56,0.44,1,4,4,2,4,6,7,3,2,"{""1"": 18, ""2"": 5}",1,1,1.87785264,1.03488112,2.91273375,0.31091775,2.91273375,1.02,1.87785264,5,3,1,2,1,1,1,1,0,1,1,0,"[{""projection_kind"": ""structure"", ""memory_id"": """", ""target_structure_id"": ""st_000514"", ""depth_min"": 1, ""depth_max"": 1, ""delta_ev"": 0.5508}, {""projection_kind"": ""structure"", ""memory_id"": """", ""target_structure_id"": ""st_000515"", ""depth_min"": 1, ""depth_max"": 1, ""delta_ev"": 0.2856}, {""projection_kind"": ""memory"", ""memory_id"": ""em_000193"", ""target_structure_id"": ""st_000516"", ""depth_min"": 1, ""depth_max"": 1, ""delta_ev"": 0.1836}, {""projection_kind"": ""structure"", ""memory_id"": """", ""target_structure_id"": ""st_000514"", ""depth_min"": 1, ""depth_max"": 1, ""delta_ev"": 0.5588358}, {""projection_kind"": ""structure"", ""memory_id"": """", ""target_structure_id"": ""st_000515"", ""depth_min"": 1, ""depth_max"": 1, ""delta_ev"": 0.28976671}, {""projection_kind"": ""memory"", ""memory_id"": ""em_000193"", ""target_structure_id"": ""st_000516"", ""depth_min"": 1, ""depth_max"": 1, ""delta_ev"": 0.1862786}, {""projection_kind"": ""structure"", ""memory_id"": """", ""target_structure_id"": ""st_000517"", ""depth_min"": 2, ""depth_max"": 2, ""delta_ev"": 0.56618274}, {""projection_kind"": ""memory"", ""memory_id"": ""em_000194"", ""target_structure_id"": ""st_000518"", ""depth_min"": 2, ""depth_max"": 2, ""delta_ev"": 0.2916699}]"
F11,no_er_reinduction,关闭根源ER重诱发,0.0,1.02,0,0.54,0.28,0.18,0.66,0.34,0.56,0.44,1,4,3,2,4,0,3,0,2,"{""1"": 5, ""2"": 6}",2,2,1.8564,0.0,1.8564,0.0,1.8564,1.02,1.8564,4,3,2,1,2,1,1,1,1,1,1,1,"[{""projection_kind"": ""structure"", ""memory_id"": """", ""target_structure_id"": ""st_000522"", ""depth_min"": 1, ""depth_max"": 1, ""delta_ev"": 0.5508}, {""projection_kind"": ""structure"", ""memory_id"": """", ""target_structure_id"": ""st_000523"", ""depth_min"": 1, ""depth_max"": 1, ""delta_ev"": 0.2856}, {""projection_kind"": ""memory"", ""memory_id"": ""em_000196"", ""target_structure_id"": ""st_000524"", ""depth_min"": 1, ""depth_max"": 1, ""delta_ev"": 0.1836}, {""projection_kind"": ""structure"", ""memory_id"": """", ""target_structure_id"": ""st_000525"", ""depth_min"": 2, ""depth_max"": 2, ""delta_ev"": 0.363528}, {""projection_kind"": ""memory"", ""memory_id"": ""em_000197"", ""target_structure_id"": ""st_000526"", ""depth_min"": 2, ""depth_max"": 2, ""delta_ev"": 0.187272}, {""projection_kind"": ""structure"", ""memory_id"": """", ""target_structure_id"": ""st_000527"", ""depth_min"": 2, ""depth_max"": 2, ""delta_ev"": 0.159936}, {""projection_kind"": ""memory"", ""memory_id"": ""em_000198"", ""target_structure_id"": ""st_000528"", ""depth_min"": 2, ""depth_max"": 2, ""delta_ev"": 0.125664}]"
F12,deep_multilayer,多轮扩散,0.36,1.02,1,0.48,0.34,0.18,0.6,0.4,0.62,0.38,1,4,4,2,14,0,11,3,2,"{""1"": 23, ""2"": 18}",4,4,2.59215648,1.09575648,3.68791296,0.39698496,3.68791296,1.02,2.59215648,6,4,2,2,2,1,1,1,1,1,1,1,"[{""projection_kind"": ""structure"", ""memory_id"": """", ""target_structure_id"": ""st_000530"", ""depth_min"": 1, ""depth_max"": 1, ""delta_ev"": 0.4896}, {""projection_kind"": ""structure"", ""memory_id"": """", ""target_structure_id"": ""st_000531"", ""depth_min"": 1, ""depth_max"": 1, ""delta_ev"": 0.3468}, {""projection_kind"": ""memory"", ""memory_id"": ""em_000199"", ""target_structure_id"": ""st_000532"", ""depth_min"": 1, ""depth_max"": 1, ""delta_ev"": 0.1836}, {""projection_kind"": ""structure"", ""memory_id"": """", ""target_structure_id"": ""st_000530"", ""depth_min"": 1, ""depth_max"": 1, ""delta_ev"": 0.52596311}, {""projection_kind"": ""structure"", ""memory_id"": """", ""target_structure_id"": ""st_000531"", ""depth_min"": 1, ""depth_max"": 1, ""delta_ev"": 0.3725572}, {""projection_kind"": ""memory"", ""memory_id"": ""em_000199"", ""target_structure_id"": ""st_000532"", ""depth_min"": 1, ""depth_max"": 1, ""delta_ev"": 0.19723617}, {""projection_kind"": ""structure"", ""memory_id"": """", ""target_structure_id"": ""st_000533"", ""depth_min"": 2, ""depth_max"": 2, ""delta_ev"": 0.55217203}, {""projection_kind"": ""memory"", ""memory_id"": ""em_000200"", ""target_structure_id"": ""st_000534"", ""depth_min"": 2, ""depth_max"": 2, ""delta_ev"": 0.36811469}, {""projection_kind"": ""structure"", ""memory_id"": """", ""target_structure_id"": ""st_000535"", ""depth_min"": 2, ""depth_max"": 2, ""delta_ev"": 0.40415925}, {""projection_kind"": ""memory"", ""memory_id"": ""em_000201"", ""target_structure_id"": ""st_000536"", ""depth_min"": 2, ""depth_max"": 2, ""delta_ev"": 0.24771051}]"
F12,single_round_cap,单轮截断,0.36,1.02,1,0.48,0.34,0.18,0.6,0.4,0.62,0.38,1,1,1,1,2,0,2,0,1,"{""1"": 8}",2,1,1.02,0.36,1.38,1.38,1.38,1.02,1.02,4,2,0,2,0,1,1,0,0,1,0,0,"[{""projection_kind"": ""structure"", ""memory_id"": """", ""target_structure_id"": ""st_000538"", ""depth_min"": 1, ""depth_max"": 1, ""delta_ev"": 0.4896}, {""projection_kind"": ""structure"", ""memory_id"": """", ""target_structure_id"": ""st_000539"", ""depth_min"": 1, ""depth_max"": 1, ""delta_ev"": 0.3468}, {""projection_kind"": ""memory"", ""memory_id"": ""em_000202"", ""target_structure_id"": ""st_000540"", ""depth_min"": 1, ""depth_max"": 1, ""delta_ev"": 0.1836}, {""projection_kind"": ""structure"", ""memory_id"": """", ""target_structure_id"": ""st_000538"", ""depth_min"": 1, ""depth_max"": 1, ""delta_ev"": 0.1728}, {""projection_kind"": ""structure"", ""memory_id"": """", ""target_structure_id"": ""st_000539"", ""depth_min"": 1, ""depth_max"": 1, ""delta_ev"": 0.1224}, {""projection_kind"": ""memory"", ""memory_id"": ""em_000202"", ""target_structure_id"": ""st_000540"", ""depth_min"": 1, ""depth_max"": 1, ""delta_ev"": 0.0648}]"
F12,high_frontier_threshold,前沿阈值剪枝,0.36,1.02,1,0.48,0.34,0.18,0.6,0.4,0.62,0.38,1,4,4,1,8,6,5,3,1,"{""1"": 23}",2,2,1.02,1.09575648,2.11575648,0.19849248,2.11575648,1.02,1.02,4,2,0,2,0,1,1,0,0,1,0,0,"[{""projection_kind"": ""structure"", ""memory_id"": """", ""target_structure_id"": ""st_000546"", ""depth_min"": 1, ""depth_max"": 1, ""delta_ev"": 0.4896}, {""projection_kind"": ""structure"", ""memory_id"": """", ""target_structure_id"": ""st_000547"", ""depth_min"": 1, ""depth_max"": 1, ""delta_ev"": 0.3468}, {""projection_kind"": ""memory"", ""memory_id"": ""em_000205"", ""target_structure_id"": ""st_000548"", ""depth_min"": 1, ""depth_max"": 1, ""delta_ev"": 0.1836}, {""projection_kind"": ""structure"", ""memory_id"": """", ""target_structure_id"": ""st_000546"", ""depth_min"": 1, ""depth_max"": 1, ""delta_ev"": 0.52596311}, {""projection_kind"": ""structure"", ""memory_id"": """", ""target_structure_id"": ""st_000547"", ""depth_min"": 1, ""depth_max"": 1, ""delta_ev"": 0.3725572}, {""projection_kind"": ""memory"", ""memory_id"": ""em_000205"", ""target_structure_id"": ""st_000548"", ""depth_min"": 1, ""depth_max"": 1, ""delta_ev"": 0.19723617}]"
F12,high_budget_threshold,预算阈值剪枝,0.0,1.02,0,0.48,0.34,0.18,0.6,0.4,0.62,0.38,1,4,2,1,2,2,1,0,1,"{""1"": 5}",2,2,1.02,0.0,1.02,0.0,1.02,1.02,1.02,2,1,0,1,0,1,1,0,0,1,0,0,"[{""projection_kind"": ""structure"", ""memory_id"": """", ""target_structure_id"": ""st_000554"", ""depth_min"": 1, ""depth_max"": 1, ""delta_ev"": 0.4896}, {""projection_kind"": ""structure"", ""memory_id"": """", ""target_structure_id"": ""st_000555"", ""depth_min"": 1, ""depth_max"": 1, ""delta_ev"": 0.3468}, {""projection_kind"": ""memory"", ""memory_id"": ""em_000208"", ""target_structure_id"": ""st_000556"", ""depth_min"": 1, ""depth_max"": 1, ""delta_ev"": 0.1836}]"
F12,width_cap_one,宽度上限,0.36,1.02,1,0.48,0.34,0.18,0.6,0.4,0.62,0.38,1,4,4,2,4,6,7,3,2,"{""1"": 18, ""2"": 5}",1,1,1.79859072,1.09575648,2.8943472,0.3146832,2.8943472,1.02,1.79859072,5,3,1,2,1,1,1,1,0,1,1,0,"[{""projection_kind"": ""structure"", ""memory_id"": """", ""target_structure_id"": ""st_000562"", ""depth_min"": 1, ""depth_max"": 1, ""delta_ev"": 0.4896}, {""projection_kind"": ""structure"", ""memory_id"": """", ""target_structure_id"": ""st_000563"", ""depth_min"": 1, ""depth_max"": 1, ""delta_ev"": 0.3468}, {""projection_kind"": ""memory"", ""memory_id"": ""em_000211"", ""target_structure_id"": ""st_000564"", ""depth_min"": 1, ""depth_max"": 1, ""delta_ev"": 0.1836}, {""projection_kind"": ""structure"", ""memory_id"": """", ""target_structure_id"": ""st_000562"", ""depth_min"": 1, ""depth_max"": 1, ""delta_ev"": 0.52596311}, {""projection_kind"": ""structure"", ""memory_id"": """", ""target_structure_id"": ""st_000563"", ""depth_min"": 1, ""depth_max"": 1, ""delta_ev"": 0.3725572}, {""projection_kind"": ""memory"", ""memory_id"": ""em_000211"", ""target_structure_id"": ""st_000564"", ""depth_min"": 1, ""depth_max"": 1, ""delta_ev"": 0.19723617}, {""projection_kind"": ""structure"", ""memory_id"": """", ""target_structure_id"": ""st_000565"", ""depth_min"": 2, ""depth_max"": 2, ""delta_ev"": 0.46715443}, {""projection_kind"": ""memory"", ""memory_id"": ""em_000212"", ""target_structure_id"": ""st_000566"", ""depth_min"": 2, ""depth_max"": 2, ""delta_ev"": 0.31143629}]"
F12,no_er_reinduction,关闭根源ER重诱发,0.0,1.02,0,0.48,0.34,0.18,0.6,0.4,0.62,0.38,1,4,3,2,4,0,3,0,2,"{""1"": 5, ""2"": 6}",2,2,1.8564,0.0,1.8564,0.0,1.8564,1.02,1.8564,4,3,2,1,2,1,1,1,1,1,1,1,"[{""projection_kind"": ""structure"", ""memory_id"": """", ""target_structure_id"": ""st_000570"", ""depth_min"": 1, ""depth_max"": 1, ""delta_ev"": 0.4896}, {""projection_kind"": ""structure"", ""memory_id"": """", ""target_structure_id"": ""st_000571"", ""depth_min"": 1, ""depth_max"": 1, ""delta_ev"": 0.3468}, {""projection_kind"": ""memory"", ""memory_id"": ""em_000214"", ""target_structure_id"": ""st_000572"", ""depth_min"": 1, ""depth_max"": 1, ""delta_ev"": 0.1836}, {""projection_kind"": ""structure"", ""memory_id"": """", ""target_structure_id"": ""st_000573"", ""depth_min"": 2, ""depth_max"": 2, ""delta_ev"": 0.29376}, {""projection_kind"": ""memory"", ""memory_id"": ""em_000215"", ""target_structure_id"": ""st_000574"", ""depth_min"": 2, ""depth_max"": 2, ""delta_ev"": 0.19584}, {""projection_kind"": ""structure"", ""memory_id"": """", ""target_structure_id"": ""st_000575"", ""depth_min"": 2, ""depth_max"": 2, ""delta_ev"": 0.215016}, {""projection_kind"": ""memory"", ""memory_id"": ""em_000216"", ""target_structure_id"": ""st_000576"", ""depth_min"": 2, ""depth_max"": 2, ""delta_ev"": 0.131784}]"
