family,branch,fatigue,nov_state,reward_state,core_complexity_score,has_repetition,has_boredom,repetition_strength,boredom_strength,bind_cfs_repetition,bind_cfs_boredom,attrs,nt_repetition_cor_positive,nt_repetition_end_positive,nt_repetition_ser_negative,nt_repetition_nov_negative,nt_repetition_cor_delta,nt_repetition_end_delta,nt_repetition_ser_delta,nt_repetition_nov_delta,nt_boredom_nov_negative,nt_boredom_da_negative,nt_boredom_foc_negative,nt_boredom_ser_negative,nt_boredom_end_positive,nt_boredom_nov_delta,nt_boredom_da_delta,nt_boredom_foc_delta,nt_boredom_ser_delta,nt_boredom_end_delta
F01,boredom_block_high_complexity,0.22,0.1,0.05,0.5,1,0,0.82,0.0,1,0,cfs_complexity|cfs_dissonance|cfs_repetition,1,1,1,1,0.0164,0.0205,-0.0123,-0.041,0,0,0,0,0,0.0,0.0,0.0,0.0,0.0
F01,boredom_block_high_nov,0.22,0.3,0.05,0.2,1,0,0.82,0.0,1,0,cfs_complexity|cfs_dissonance|cfs_repetition,1,1,1,1,0.0164,0.0205,-0.0123,-0.041,0,0,0,0,0,0.0,0.0,0.0,0.0,0.0
F01,boredom_block_high_reward,0.22,0.1,0.35,0.2,1,0,0.82,0.0,1,0,cfs_complexity|cfs_dissonance|cfs_repetition,1,1,1,1,0.0164,0.0205,-0.0123,-0.041,0,0,0,0,0,0.0,0.0,0.0,0.0,0.0
F01,boredom_on,0.22,0.1,0.05,0.2,1,1,0.82,0.84,1,1,cfs_boredom|cfs_complexity|cfs_dissonance|cfs_repetition,1,1,1,1,0.0164,0.0205,-0.0123,-0.041,1,1,1,1,1,-0.0546,-0.0294,-0.021,-0.01008,0.021
F01,fatigue_low_quiet,0.1,0.1,0.05,0.2,0,0,0.0,0.0,0,0,cfs_complexity|cfs_dissonance,0,0,0,0,0.0,0.0,0.0,0.0,0,0,0,0,0,0.0,0.0,0.0,0.0,0.0
F02,boredom_block_high_complexity,0.21,0.1,0.05,0.5,1,0,0.76,0.0,1,0,cfs_complexity|cfs_dissonance|cfs_repetition,1,1,1,1,0.0152,0.019,-0.0114,-0.038,0,0,0,0,0,0.0,0.0,0.0,0.0,0.0
F02,boredom_block_high_nov,0.21,0.3,0.05,0.2,1,0,0.76,0.0,1,0,cfs_complexity|cfs_dissonance|cfs_repetition,1,1,1,1,0.0152,0.019,-0.0114,-0.038,0,0,0,0,0,0.0,0.0,0.0,0.0,0.0
F02,boredom_block_high_reward,0.21,0.1,0.35,0.2,1,0,0.76,0.0,1,0,cfs_complexity|cfs_dissonance|cfs_repetition,1,1,1,1,0.0152,0.019,-0.0114,-0.038,0,0,0,0,0,0.0,0.0,0.0,0.0,0.0
F02,boredom_on,0.21,0.1,0.05,0.2,1,1,0.76,0.80117647,1,1,cfs_boredom|cfs_complexity|cfs_dissonance|cfs_repetition,1,1,1,1,0.0152,0.019,-0.0114,-0.038,1,1,1,1,1,-0.05207647,-0.02804118,-0.02002941,-0.00961412,0.02002941
F02,fatigue_low_quiet,0.1,0.1,0.05,0.2,0,0,0.0,0.0,0,0,cfs_complexity|cfs_dissonance,0,0,0,0,0.0,0.0,0.0,0.0,0,0,0,0,0,0.0,0.0,0.0,0.0,0.0
F03,boredom_block_high_complexity,0.2,0.1,0.05,0.5,1,0,0.7,0.0,1,0,cfs_complexity|cfs_dissonance|cfs_repetition,1,1,1,1,0.014,0.0175,-0.0105,-0.035,0,0,0,0,0,0.0,0.0,0.0,0.0,0.0
F03,boredom_block_high_nov,0.2,0.3,0.05,0.2,1,0,0.7,0.0,1,0,cfs_complexity|cfs_dissonance|cfs_repetition,1,1,1,1,0.014,0.0175,-0.0105,-0.035,0,0,0,0,0,0.0,0.0,0.0,0.0,0.0
F03,boredom_block_high_reward,0.2,0.1,0.35,0.2,1,0,0.7,0.0,1,0,cfs_complexity|cfs_dissonance|cfs_repetition,1,1,1,1,0.014,0.0175,-0.0105,-0.035,0,0,0,0,0,0.0,0.0,0.0,0.0,0.0
F03,boredom_on,0.2,0.1,0.05,0.2,1,1,0.7,0.74294118,1,1,cfs_boredom|cfs_complexity|cfs_dissonance|cfs_repetition,1,1,1,1,0.014,0.0175,-0.0105,-0.035,1,1,1,1,1,-0.04829118,-0.02600294,-0.01857353,-0.00891529,0.01857353
F03,fatigue_low_quiet,0.1,0.1,0.05,0.2,0,0,0.0,0.0,0,0,cfs_complexity|cfs_dissonance,0,0,0,0,0.0,0.0,0.0,0.0,0,0,0,0,0,0.0,0.0,0.0,0.0,0.0
F04,boredom_block_high_complexity,0.19,0.1,0.05,0.5,1,0,0.64,0.0,1,0,cfs_complexity|cfs_dissonance|cfs_repetition,1,1,1,1,0.0128,0.016,-0.0096,-0.032,0,0,0,0,0,0.0,0.0,0.0,0.0,0.0
F04,boredom_block_high_nov,0.19,0.3,0.05,0.2,1,0,0.64,0.0,1,0,cfs_complexity|cfs_dissonance|cfs_repetition,1,1,1,1,0.0128,0.016,-0.0096,-0.032,0,0,0,0,0,0.0,0.0,0.0,0.0,0.0
F04,boredom_block_high_reward,0.19,0.1,0.35,0.2,1,0,0.64,0.0,1,0,cfs_complexity|cfs_dissonance|cfs_repetition,1,1,1,1,0.0128,0.016,-0.0096,-0.032,0,0,0,0,0,0.0,0.0,0.0,0.0,0.0
F04,boredom_on,0.19,0.1,0.05,0.2,1,1,0.64,0.68470588,1,1,cfs_boredom|cfs_complexity|cfs_dissonance|cfs_repetition,1,1,1,1,0.0128,0.016,-0.0096,-0.032,1,1,1,1,1,-0.04450588,-0.02396471,-0.01711765,-0.00821647,0.01711765
F04,fatigue_low_quiet,0.1,0.1,0.05,0.2,0,0,0.0,0.0,0,0,cfs_complexity|cfs_dissonance,0,0,0,0,0.0,0.0,0.0,0.0,0,0,0,0,0,0.0,0.0,0.0,0.0,0.0
F05,boredom_block_high_complexity,0.18,0.1,0.05,0.5,1,0,0.58,0.0,1,0,cfs_complexity|cfs_dissonance|cfs_repetition,1,1,1,1,0.0116,0.0145,-0.0087,-0.029,0,0,0,0,0,0.0,0.0,0.0,0.0,0.0
F05,boredom_block_high_nov,0.18,0.3,0.05,0.2,1,0,0.58,0.0,1,0,cfs_complexity|cfs_dissonance|cfs_repetition,1,1,1,1,0.0116,0.0145,-0.0087,-0.029,0,0,0,0,0,0.0,0.0,0.0,0.0,0.0
F05,boredom_block_high_reward,0.18,0.1,0.35,0.2,1,0,0.58,0.0,1,0,cfs_complexity|cfs_dissonance|cfs_repetition,1,1,1,1,0.0116,0.0145,-0.0087,-0.029,0,0,0,0,0,0.0,0.0,0.0,0.0,0.0
F05,boredom_on,0.18,0.1,0.05,0.2,1,1,0.58,0.62647059,1,1,cfs_boredom|cfs_complexity|cfs_dissonance|cfs_repetition,1,1,1,1,0.0116,0.0145,-0.0087,-0.029,1,1,1,1,1,-0.04072059,-0.02192647,-0.01566176,-0.00751765,0.01566176
F05,fatigue_low_quiet,0.1,0.1,0.05,0.2,0,0,0.0,0.0,0,0,cfs_complexity|cfs_dissonance,0,0,0,0,0.0,0.0,0.0,0.0,0,0,0,0,0,0.0,0.0,0.0,0.0,0.0
F06,boredom_block_high_complexity,0.23,0.1,0.05,0.5,1,0,0.88,0.0,1,0,cfs_complexity|cfs_dissonance|cfs_repetition,1,1,1,1,0.0176,0.022,-0.0132,-0.044,0,0,0,0,0,0.0,0.0,0.0,0.0,0.0
F06,boredom_block_high_nov,0.23,0.3,0.05,0.2,1,0,0.88,0.0,1,0,cfs_complexity|cfs_dissonance|cfs_repetition,1,1,1,1,0.0176,0.022,-0.0132,-0.044,0,0,0,0,0,0.0,0.0,0.0,0.0,0.0
F06,boredom_block_high_reward,0.23,0.1,0.35,0.2,1,0,0.88,0.0,1,0,cfs_complexity|cfs_dissonance|cfs_repetition,1,1,1,1,0.0176,0.022,-0.0132,-0.044,0,0,0,0,0,0.0,0.0,0.0,0.0,0.0
F06,boredom_on,0.23,0.1,0.05,0.2,1,1,0.88,0.84,1,1,cfs_boredom|cfs_complexity|cfs_dissonance|cfs_repetition,1,1,1,1,0.0176,0.022,-0.0132,-0.044,1,1,1,1,1,-0.0546,-0.0294,-0.021,-0.01008,0.021
F06,fatigue_low_quiet,0.1,0.1,0.05,0.2,0,0,0.0,0.0,0,0,cfs_complexity|cfs_dissonance,0,0,0,0,0.0,0.0,0.0,0.0,0,0,0,0,0,0.0,0.0,0.0,0.0,0.0
F07,boredom_block_high_complexity,0.24,0.1,0.05,0.5,1,0,0.94,0.0,1,0,cfs_complexity|cfs_dissonance|cfs_repetition,1,1,1,1,0.0188,0.0235,-0.0141,-0.047,0,0,0,0,0,0.0,0.0,0.0,0.0,0.0
F07,boredom_block_high_nov,0.24,0.3,0.05,0.2,1,0,0.94,0.0,1,0,cfs_complexity|cfs_dissonance|cfs_repetition,1,1,1,1,0.0188,0.0235,-0.0141,-0.047,0,0,0,0,0,0.0,0.0,0.0,0.0,0.0
F07,boredom_block_high_reward,0.24,0.1,0.35,0.2,1,0,0.94,0.0,1,0,cfs_complexity|cfs_dissonance|cfs_repetition,1,1,1,1,0.0188,0.0235,-0.0141,-0.047,0,0,0,0,0,0.0,0.0,0.0,0.0,0.0
F07,boredom_on,0.24,0.1,0.05,0.2,1,1,0.94,0.84,1,1,cfs_boredom|cfs_complexity|cfs_dissonance|cfs_repetition,1,1,1,1,0.0188,0.0235,-0.0141,-0.047,1,1,1,1,1,-0.0546,-0.0294,-0.021,-0.01008,0.021
F07,fatigue_low_quiet,0.1,0.1,0.05,0.2,0,0,0.0,0.0,0,0,cfs_complexity|cfs_dissonance,0,0,0,0,0.0,0.0,0.0,0.0,0,0,0,0,0,0.0,0.0,0.0,0.0,0.0
F08,boredom_block_high_complexity,0.25,0.1,0.05,0.5,1,0,1.0,0.0,1,0,cfs_complexity|cfs_dissonance|cfs_repetition,1,1,1,1,0.02,0.025,-0.015,-0.05,0,0,0,0,0,0.0,0.0,0.0,0.0,0.0
F08,boredom_block_high_nov,0.25,0.3,0.05,0.2,1,0,1.0,0.0,1,0,cfs_complexity|cfs_dissonance|cfs_repetition,1,1,1,1,0.02,0.025,-0.015,-0.05,0,0,0,0,0,0.0,0.0,0.0,0.0,0.0
F08,boredom_block_high_reward,0.25,0.1,0.35,0.2,1,0,1.0,0.0,1,0,cfs_complexity|cfs_dissonance|cfs_repetition,1,1,1,1,0.02,0.025,-0.015,-0.05,0,0,0,0,0,0.0,0.0,0.0,0.0,0.0
F08,boredom_on,0.25,0.1,0.05,0.2,1,1,1.0,0.84,1,1,cfs_boredom|cfs_complexity|cfs_dissonance|cfs_repetition,1,1,1,1,0.02,0.025,-0.015,-0.05,1,1,1,1,1,-0.0546,-0.0294,-0.021,-0.01008,0.021
F08,fatigue_low_quiet,0.1,0.1,0.05,0.2,0,0,0.0,0.0,0,0,cfs_complexity|cfs_dissonance,0,0,0,0,0.0,0.0,0.0,0.0,0,0,0,0,0,0.0,0.0,0.0,0.0,0.0
F09,boredom_block_high_complexity,0.26,0.1,0.05,0.5,1,0,1.0,0.0,1,0,cfs_complexity|cfs_dissonance|cfs_repetition,1,1,1,1,0.02,0.025,-0.015,-0.05,0,0,0,0,0,0.0,0.0,0.0,0.0,0.0
F09,boredom_block_high_nov,0.26,0.3,0.05,0.2,1,0,1.0,0.0,1,0,cfs_complexity|cfs_dissonance|cfs_repetition,1,1,1,1,0.02,0.025,-0.015,-0.05,0,0,0,0,0,0.0,0.0,0.0,0.0,0.0
F09,boredom_block_high_reward,0.26,0.1,0.35,0.2,1,0,1.0,0.0,1,0,cfs_complexity|cfs_dissonance|cfs_repetition,1,1,1,1,0.02,0.025,-0.015,-0.05,0,0,0,0,0,0.0,0.0,0.0,0.0,0.0
F09,boredom_on,0.26,0.1,0.05,0.2,1,1,1.0,0.84,1,1,cfs_boredom|cfs_complexity|cfs_dissonance|cfs_repetition,1,1,1,1,0.02,0.025,-0.015,-0.05,1,1,1,1,1,-0.0546,-0.0294,-0.021,-0.01008,0.021
F09,fatigue_low_quiet,0.1,0.1,0.05,0.2,0,0,0.0,0.0,0,0,cfs_complexity|cfs_dissonance,0,0,0,0,0.0,0.0,0.0,0.0,0,0,0,0,0,0.0,0.0,0.0,0.0,0.0
F10,boredom_block_high_complexity,0.27,0.1,0.05,0.5,1,0,1.0,0.0,1,0,cfs_complexity|cfs_dissonance|cfs_repetition,1,1,1,1,0.02,0.025,-0.015,-0.05,0,0,0,0,0,0.0,0.0,0.0,0.0,0.0
F10,boredom_block_high_nov,0.27,0.3,0.05,0.2,1,0,1.0,0.0,1,0,cfs_complexity|cfs_dissonance|cfs_repetition,1,1,1,1,0.02,0.025,-0.015,-0.05,0,0,0,0,0,0.0,0.0,0.0,0.0,0.0
F10,boredom_block_high_reward,0.27,0.1,0.35,0.2,1,0,1.0,0.0,1,0,cfs_complexity|cfs_dissonance|cfs_repetition,1,1,1,1,0.02,0.025,-0.015,-0.05,0,0,0,0,0,0.0,0.0,0.0,0.0,0.0
F10,boredom_on,0.27,0.1,0.05,0.2,1,1,1.0,0.84,1,1,cfs_boredom|cfs_complexity|cfs_dissonance|cfs_repetition,1,1,1,1,0.02,0.025,-0.015,-0.05,1,1,1,1,1,-0.0546,-0.0294,-0.021,-0.01008,0.021
F10,fatigue_low_quiet,0.1,0.1,0.05,0.2,0,0,0.0,0.0,0,0,cfs_complexity|cfs_dissonance,0,0,0,0,0.0,0.0,0.0,0.0,0,0,0,0,0,0.0,0.0,0.0,0.0,0.0
F11,boredom_block_high_complexity,0.28,0.1,0.05,0.5,1,0,1.0,0.0,1,0,cfs_complexity|cfs_dissonance|cfs_repetition,1,1,1,1,0.02,0.025,-0.015,-0.05,0,0,0,0,0,0.0,0.0,0.0,0.0,0.0
F11,boredom_block_high_nov,0.28,0.3,0.05,0.2,1,0,1.0,0.0,1,0,cfs_complexity|cfs_dissonance|cfs_repetition,1,1,1,1,0.02,0.025,-0.015,-0.05,0,0,0,0,0,0.0,0.0,0.0,0.0,0.0
F11,boredom_block_high_reward,0.28,0.1,0.35,0.2,1,0,1.0,0.0,1,0,cfs_complexity|cfs_dissonance|cfs_repetition,1,1,1,1,0.02,0.025,-0.015,-0.05,0,0,0,0,0,0.0,0.0,0.0,0.0,0.0
F11,boredom_on,0.28,0.1,0.05,0.2,1,1,1.0,0.84,1,1,cfs_boredom|cfs_complexity|cfs_dissonance|cfs_repetition,1,1,1,1,0.02,0.025,-0.015,-0.05,1,1,1,1,1,-0.0546,-0.0294,-0.021,-0.01008,0.021
F11,fatigue_low_quiet,0.1,0.1,0.05,0.2,0,0,0.0,0.0,0,0,cfs_complexity|cfs_dissonance,0,0,0,0,0.0,0.0,0.0,0.0,0,0,0,0,0,0.0,0.0,0.0,0.0,0.0
F12,boredom_block_high_complexity,0.3,0.1,0.05,0.5,1,0,1.0,0.0,1,0,cfs_complexity|cfs_dissonance|cfs_repetition,1,1,1,1,0.02,0.025,-0.015,-0.05,0,0,0,0,0,0.0,0.0,0.0,0.0,0.0
F12,boredom_block_high_nov,0.3,0.3,0.05,0.2,1,0,1.0,0.0,1,0,cfs_complexity|cfs_dissonance|cfs_repetition,1,1,1,1,0.02,0.025,-0.015,-0.05,0,0,0,0,0,0.0,0.0,0.0,0.0,0.0
F12,boredom_block_high_reward,0.3,0.1,0.35,0.2,1,0,1.0,0.0,1,0,cfs_complexity|cfs_dissonance|cfs_repetition,1,1,1,1,0.02,0.025,-0.015,-0.05,0,0,0,0,0,0.0,0.0,0.0,0.0,0.0
F12,boredom_on,0.3,0.1,0.05,0.2,1,1,1.0,0.84,1,1,cfs_boredom|cfs_complexity|cfs_dissonance|cfs_repetition,1,1,1,1,0.02,0.025,-0.015,-0.05,1,1,1,1,1,-0.0546,-0.0294,-0.021,-0.01008,0.021
F12,fatigue_low_quiet,0.1,0.1,0.05,0.2,0,0,0.0,0.0,0,0,cfs_complexity|cfs_dissonance,0,0,0,0,0.0,0.0,0.0,0.0,0,0,0,0,0,0.0,0.0,0.0,0.0,0.0
